genome,sequence_id,Country,Region
PA0007-C,PA0007-C.g493,Gambia,WAF
PA0011-C,PA0011-C.g14,Gambia,WAF
PA0013-C,PA0013-C.g168,Gambia,WAF
PA0014-C,PA0014-C.g222,Gambia,WAF
PA0015-C,PA0015-C.g78,Gambia,WAF
PA0016-C,PA0016-C.g136,Gambia,WAF
PA0018-C,PA0018-C.g157,Gambia,WAF
PA0020-C,PA0020-C.g160,Gambia,WAF
PA0021-C,PA0021-C.g91,Gambia,WAF
PA0022-C,PA0022-C.g464,Gambia,WAF
PA0028-C,PA0028-C.g778,Gambia,WAF
PA0029-C,PA0029-C.g160,Gambia,WAF
PA0034-C,PA0034-C.g26,Gambia,WAF
PA0034-C,PA0034-C.g62,Gambia,WAF
PA0036-C,PA0036-C.g152,Gambia,WAF
PA0038-C,PA0038-C.g279,Gambia,WAF
PA0040-C,PA0040-C.g82,Gambia,WAF
PA0041-C,PA0041-C.g171,Gambia,WAF
PA0042-C,PA0042-C.g114,Gambia,WAF
PA0045-C,PA0045-C.g257,Gambia,WAF
PA0046-C,PA0046-C.g112,Gambia,WAF
PA0046-C,PA0046-C.g417,Gambia,WAF
PA0050-C,PA0050-C.g64,Gambia,WAF
PA0051-C,PA0051-C.g444,Gambia,WAF
PA0056-C,PA0056-C.g415,Gambia,WAF
PA0059-C,PA0059-C.g51,Gambia,WAF
PA0067-C,PA0067-C.g654,Gambia,WAF
PA0068-C,PA0068-C.g597,Gambia,WAF
PA0069-C,PA0069-C.g97,Gambia,WAF
PA0072-C,PA0072-C.g104,Gambia,WAF
PA0072-C,PA0072-C.g30,Gambia,WAF
PA0075-C,PA0075-C.g648,Gambia,WAF
PA0078-C,PA0078-C.g151,Gambia,WAF
PA0089-C,PA0089-C.g407,Gambia,WAF
PA0098-C,PA0098-C.g209,Gambia,WAF
PA0101-C,PA0101-C.g86,Gambia,WAF
PA0104-C,PA0104-C.g106,Gambia,WAF
PA0134-C,PA0134-C.g295,Guinea,WAF
PA0137-C,PA0137-C.g88,Guinea,WAF
PA0141-C,PA0141-C.g195,Guinea,WAF
PA0144-C,PA0144-C.g184,Guinea,WAF
PA0148-C,PA0148-C.g83,Guinea,WAF
PA0149-C,PA0149-C.g650,Guinea,WAF
PA0151-C,PA0151-C.g126,Guinea,WAF
PA0152-C,PA0152-C.g90,Guinea,WAF
PA0153-C,PA0153-C.g236,Guinea,WAF
PA0157-C,PA0157-C.g107,Guinea,WAF
PA0159-C,PA0159-C.g356,Guinea,WAF
PA0159-C,PA0159-C.g383,Guinea,WAF
PA0161-C,PA0161-C.g198,Guinea,WAF
PA0165-C,PA0165-C.g70,Guinea,WAF
PA0167-C,PA0167-C.g306,Guinea,WAF
PA0168-C,PA0168-C.g254,Guinea,WAF
PA0168-C,PA0168-C.g317,Guinea,WAF
PA0169-C,PA0169-C.g175,Guinea,WAF
PA0177-C,PA0177-C.g877,Guinea,WAF
PA0180-C,PA0180-C.g107,Guinea,WAF
PA0183-C,PA0183-C.g168,Guinea,WAF
PA0184-C,PA0184-C.g235,Guinea,WAF
PA0184-C,PA0184-C.g249,Guinea,WAF
PA0186-C,PA0186-C.g114,Guinea,WAF
PA0195-C,PA0195-C.g175,Guinea,WAF
PA0198-C,PA0198-C.g147,Guinea,WAF
PA0200-C,PA0200-C.g251,Guinea,WAF
PA0202-C,PA0202-C.g86,Guinea,WAF
PA0203-C,PA0203-C.g212,Guinea,WAF
PA0204-C,PA0204-C.g671,Guinea,WAF
PA0205-C,PA0205-C.g166,Guinea,WAF
PA0207-C,PA0207-C.g281,Guinea,WAF
PA0207-C,PA0207-C.g313,Guinea,WAF
PA0209-C,PA0209-C.g1352,Guinea,WAF
PA0213-C,PA0213-C.g385,Guinea,WAF
PA0214-C,PA0214-C.g163,Guinea,WAF
PA0215-C,PA0215-C.g87,Guinea,WAF
PA0216-C,PA0216-C.g937,Guinea,WAF
PA0216-C,PA0216-C.g986,Guinea,WAF
PA0221-C,PA0221-C.g221,Guinea,WAF
PA0225-C,PA0225-C.g111,Guinea,WAF
PA0229-C,PA0229-C.g109,Guinea,WAF
PA0232-C,PA0232-C.g181,Guinea,WAF
PA0237-C,PA0237-C.g186,Guinea,WAF
PA0245-C,PA0245-C.g224,Guinea,WAF
PA0246-C,PA0246-C.g118,Guinea,WAF
PA0249-C,PA0249-C.g477,Guinea,WAF
PA0256-C,PA0256-C.g199,Guinea,WAF
PA0260-C,PA0260-C.g25,Guinea,WAF
PA0260-C,PA0260-C.g287,Guinea,WAF
PA0261-C,PA0261-C.g194,Guinea,WAF
PA0267-C,PA0267-C.g860,Guinea,WAF
PA0270-C,PA0270-C.g79,Guinea,WAF
PA0298-C,PA0298-C.g6591,Guinea,WAF
PC0005-Cx,PC0005-Cx.g29,Kenya,EAF
PC0046-C,PC0046-C.g481,Kenya,EAF
PC0047-C,PC0047-C.g554,Kenya,EAF
PC0053-C,PC0053-C.g146,Kenya,EAF
PC0057-C,PC0057-C.g584,Kenya,EAF
PC0065-C,PC0065-C.g3416,Kenya,EAF
PC0067-C,PC0067-C.g2576,Kenya,EAF
PC0069-C,PC0069-C.g57,Kenya,EAF
PC0070-C,PC0070-C.g12,Kenya,EAF
PC0073-C,PC0073-C.g532,Kenya,EAF
PC0083-C,PC0083-C.g148,Kenya,EAF
PC0083-C,PC0083-C.g148,Lab,Lab
PC0097-C,PC0097-C.g492,Kenya,EAF
PC0103-C,PC0103-C.g177,Kenya,EAF
PC0104-C,PC0104-C.g675,Kenya,EAF
PC0107-C,PC0107-C.g173,Kenya,EAF
PC0118-C,PC0118-C.g110,Kenya,EAF
PC0118-C,PC0118-C.g127,Kenya,EAF
PC0122-C,PC0122-C.g42,Kenya,EAF
PD0461-C,PD0461-C.g124,Thailand,WSEA
PD0466-C,PD0466-C.g1203,Thailand,WSEA
PD0467-C,PD0467-C.g25,Thailand,WSEA
PD0470-C,PD0470-C.g177,Thailand,WSEA
PD0471-C,PD0471-C.g119,Thailand,WSEA
PD0471-C,PD0471-C.g186,Thailand,WSEA
PD0472-C,PD0472-C.g319,Thailand,WSEA
PD0473-C,PD0473-C.g194,Thailand,WSEA
PD0474-C,PD0474-C.g423,Thailand,WSEA
PD0475-C,PD0475-C.g240,Thailand,WSEA
PD0476-C,PD0476-C.g367,Thailand,WSEA
PD0477-C,PD0477-C.g302,Thailand,WSEA
PD0478-C,PD0478-C.g188,Thailand,WSEA
PD0480-C,PD0480-C.g274,Thailand,WSEA
PD0482-C,PD0482-C.g373,Thailand,WSEA
PD0483-C,PD0483-C.g309,Thailand,WSEA
PD0484-C,PD0484-C.g413,Thailand,WSEA
PD0485-C,PD0485-C.g718,Thailand,WSEA
PD0487-C,PD0487-C.g589,Thailand,WSEA
PD0488-C,PD0488-C.g235,Thailand,WSEA
PD0490-C,PD0490-C.g208,Thailand,WSEA
PD0490-C,PD0490-C.g252,Thailand,WSEA
PD0491-C,PD0491-C.g210,Thailand,WSEA
PD0492-C,PD0492-C.g358,Thailand,WSEA
PD0494-C,PD0494-C.g247,Thailand,WSEA
PD0495-C,PD0495-C.g139,Thailand,WSEA
PD0496-C,PD0496-C.g247,Thailand,WSEA
PD0497-C,PD0497-C.g261,Thailand,WSEA
PD0498-C,PD0498-C.g144,Thailand,WSEA
PD0502-C,PD0502-C.g307,Thailand,WSEA
PD0503-C,PD0503-C.g262,Thailand,WSEA
PD0503-C,PD0503-C.g312,Thailand,WSEA
PD0505-C,PD0505-C.g4002,Thailand,WSEA
PD0505-C,PD0505-C.g4757,Thailand,WSEA
PD0506-C,PD0506-C.g289,Thailand,WSEA
PD0506-C,PD0506-C.g348,Thailand,WSEA
PD0507-C,PD0507-C.g146,Thailand,WSEA
PD0508-C,PD0508-C.g6230,Thailand,WSEA
PD0508-C,PD0508-C.g6312,Thailand,WSEA
PD0509-Cx2,PD0509-Cx2.g713,Thailand,WSEA
PD0511-C,PD0511-C.g75,Thailand,WSEA
PD0513-C,PD0513-C.g134,Thailand,WSEA
PD0513-C,PD0513-C.g184,Thailand,WSEA
PD0514-C,PD0514-C.g99,Thailand,WSEA
PD0515-C,PD0515-C.g194,Thailand,WSEA
PD0518-C,PD0518-C.g310,Thailand,WSEA
PD0519-C,PD0519-C.g334,Thailand,WSEA
PD0520-C,PD0520-C.g98,Thailand,WSEA
PD0522-C,PD0522-C.g1218,Thailand,WSEA
PD0524-C,PD0524-C.g378,Thailand,WSEA
PD0525-C,PD0525-C.g241,Thailand,WSEA
PD0526-C,PD0526-C.g141,Thailand,WSEA
PD0527-C,PD0527-C.g76,Thailand,WSEA
PD0528-C,PD0528-C.g174,Thailand,WSEA
PD0529-C,PD0529-C.g136,Thailand,WSEA
PD0529-C,PD0529-C.g152,Thailand,WSEA
PD0530-C,PD0530-C.g229,Thailand,WSEA
PD0531-C,PD0531-C.g952,Thailand,WSEA
PD0532-C,PD0532-C.g379,Thailand,WSEA
PD0535-C,PD0535-C.g182,Thailand,WSEA
PD0536-C,PD0536-C.g255,Thailand,WSEA
PD0538-C,PD0538-C.g337,Thailand,WSEA
PD0538-C,PD0538-C.g350,Thailand,WSEA
PD0539-C,PD0539-C.g260,Thailand,WSEA
PD0540-C,PD0540-C.g282,Thailand,WSEA
PD0541-C,PD0541-C.g209,Thailand,WSEA
PD0543-C,PD0543-C.g218,Thailand,WSEA
PD0545-C,PD0545-C.g70,Thailand,WSEA
PD0547-C,PD0547-C.g181,Thailand,WSEA
PD0548-C,PD0548-C.g127,Thailand,WSEA
PD0548-C,PD0548-C.g225,Thailand,WSEA
PD0549-C,PD0549-C.g171,Thailand,WSEA
PD0550-C,PD0550-C.g205,Thailand,WSEA
PD0552-C,PD0552-C.g379,Thailand,WSEA
PD0552-C,PD0552-C.g380,Thailand,WSEA
PD0553-C,PD0553-C.g199,Thailand,WSEA
PD0554-C,PD0554-C.g141,Thailand,WSEA
PD0555-C,PD0555-C.g188,Thailand,WSEA
PD0557-C,PD0557-C.g197,Thailand,WSEA
PD0558-C,PD0558-C.g623,Thailand,WSEA
PD0559-C,PD0559-C.g143,Thailand,WSEA
PD0561-C,PD0561-C.g106,Thailand,WSEA
PD0565-C,PD0565-C.g74,Thailand,WSEA
PD0567-C,PD0567-C.g300,Thailand,WSEA
PD0569-C,PD0569-C.g152,Thailand,WSEA
PD0570-C,PD0570-C.g273,Thailand,WSEA
PD0571-C,PD0571-C.g312,Thailand,WSEA
PD0572-C,PD0572-C.g308,Thailand,WSEA
PD0573-C,PD0573-C.g144,Thailand,WSEA
PD0575-C,PD0575-C.g273,Thailand,WSEA
PD0576-C,PD0576-C.g194,Thailand,WSEA
PD0577-C,PD0577-C.g369,Thailand,WSEA
PD0577-C,PD0577-C.g515,Thailand,WSEA
PD0577-C,PD0577-C.g540,Thailand,WSEA
PD0580-C,PD0580-C.g24,Thailand,WSEA
PD0581-C,PD0581-C.g160,Thailand,WSEA
PD0582-C,PD0582-C.g234,Thailand,WSEA
PD0583-C,PD0583-C.g248,Thailand,WSEA
PD0584-C,PD0584-C.g335,Thailand,WSEA
PD0585-C,PD0585-C.g170,Thailand,WSEA
PD0585-C,PD0585-C.g259,Thailand,WSEA
PD0586-C,PD0586-C.g102,Thailand,WSEA
PD0587-C,PD0587-C.g288,Thailand,WSEA
PD0589-C,PD0589-C.g66,Thailand,WSEA
PD0590-C,PD0590-C.g222,Thailand,WSEA
PD0590-C,PD0590-C.g325,Thailand,WSEA
PD0591-C,PD0591-C.g168,Thailand,WSEA
PD0592-C,PD0592-C.g1698,Thailand,WSEA
PD0629-C,PD0629-C.g1062,Thailand,WSEA
PD0630-C,PD0630-C.g874,Thailand,WSEA
PD0632-C,PD0632-C.g20,Thailand,WSEA
PD0636-C,PD0636-C.g478,Thailand,WSEA
PD0637-C,PD0637-C.g84,Thailand,WSEA
PD0659-C,PD0659-C.g49,Thailand,WSEA
PD0662-C,PD0662-C.g61,Thailand,WSEA
PD0663-C,PD0663-C.g96,Thailand,WSEA
PD0664-C,PD0664-C.g50,Thailand,WSEA
PD0667-C,PD0667-C.g127,Thailand,WSEA
PD0668-C,PD0668-C.g822,Thailand,WSEA
PD0670-C,PD0670-C.g805,Thailand,WSEA
PE0087-C,PE0087-C.g118,Tanzania,EAF
PE0089-C,PE0089-C.g1008,Tanzania,EAF
PE0089-C,PE0089-C.g22,Tanzania,EAF
PE0098-C,PE0098-C.g27,Tanzania,EAF
PE0105-C,PE0105-C.g98,Tanzania,EAF
PE0109-C,PE0109-C.g278,Tanzania,EAF
PE0113-C,PE0113-C.g42,Tanzania,EAF
PE0116-C,PE0116-C.g1568,Tanzania,EAF
PE0119-C,PE0119-C.g165,Tanzania,EAF
PE0123-C,PE0123-C.g106,Tanzania,EAF
PE0124-C,PE0124-C.g152,Tanzania,EAF
PE0125-C,PE0125-C.g174,Tanzania,EAF
PE0126-C,PE0126-C.g229,Tanzania,EAF
PE0130-C,PE0130-C.g54,Tanzania,EAF
PE0131-C,PE0131-C.g26,Tanzania,EAF
PE0133-C,PE0133-C.g105,Tanzania,EAF
PE0135-C,PE0135-C.g118,Tanzania,EAF
PE0135-C,PE0135-C.g64,Tanzania,EAF
PE0136-C,PE0136-C.g951,Tanzania,EAF
PE0137-C,PE0137-C.g36,Tanzania,EAF
PE0138-C,PE0138-C.g79,Tanzania,EAF
PE0139-C,PE0139-C.g260,Tanzania,EAF
PE0141-C,PE0141-C.g152,Tanzania,EAF
PE0143-C,PE0143-C.g267,Tanzania,EAF
PE0143-C,PE0143-C.g352,Tanzania,EAF
PE0145-C,PE0145-C.g207,Tanzania,EAF
PE0147-C,PE0147-C.g94,Tanzania,EAF
PF0008-C,PF0008-C.g1214,Ghana,WAF
PF0011-C,PF0011-C.g495,Ghana,WAF
PF0020-C,PF0020-C.g33,Ghana,WAF
PF0020-C,PF0020-C.g613,Ghana,WAF
PF0022-C,PF0022-C.g89,Ghana,WAF
PF0035-C,PF0035-C.g128,Ghana,WAF
PF0037-C,PF0037-C.g121,Ghana,WAF
PF0039-C,PF0039-C.g61,Ghana,WAF
PF0041-C,PF0041-C.g102,Ghana,WAF
PF0041-C,PF0041-C.g868,Ghana,WAF
PF0045-C,PF0045-C.g19,Ghana,WAF
PF0047-C,PF0047-C.g100,Ghana,WAF
PF0053-C,PF0053-C.g1112,Ghana,WAF
PF0058-C,PF0058-C.g46,Ghana,WAF
PF0062-C,PF0062-C.g518,Ghana,WAF
PF0063-C,PF0063-C.g954,Ghana,WAF
PF0064-C,PF0064-C.g123,Ghana,WAF
PF0073-C,PF0073-C.g174,Ghana,WAF
PF0079-C,PF0079-C.g908,Ghana,WAF
PF0092-C,PF0092-C.g176,Ghana,WAF
PF0103-C,PF0103-C.g107,Ghana,WAF
PF0107-C,PF0107-C.g458,Ghana,WAF
PF0111-C,PF0111-C.g137,Ghana,WAF
PF0112-C,PF0112-C.g427,Ghana,WAF
PF0118-C,PF0118-C.g126,Ghana,WAF
PF0123-C,PF0123-C.g139,Ghana,WAF
PF0124-C,PF0124-C.g1175,Ghana,WAF
PF0129-C,PF0129-C.g775,Ghana,WAF
PF0136-C,PF0136-C.g162,Ghana,WAF
PF0136-C,PF0136-C.g173,Ghana,WAF
PF0137-C,PF0137-C.g233,Ghana,WAF
PF0143-C,PF0143-C.g235,Ghana,WAF
PF0144-C,PF0144-C.g828,Ghana,WAF
PF0145-C,PF0145-C.g54,Ghana,WAF
PF0146-C,PF0146-C.g32,Ghana,WAF
PF0148-C,PF0148-C.g31,Ghana,WAF
PF0149-C,PF0149-C.g195,Ghana,WAF
PF0150-C,PF0150-C.g556,Ghana,WAF
PF0154-C,PF0154-C.g386,Ghana,WAF
PF0156-C,PF0156-C.g27,Ghana,WAF
PF0157-C,PF0157-C.g263,Ghana,WAF
PF0160-C,PF0160-C.g99,Ghana,WAF
PF0161-C,PF0161-C.g105,Ghana,WAF
PF0162-C,PF0162-C.g17,Ghana,WAF
PF0163-C,PF0163-C.g672,Ghana,WAF
PF0164-C,PF0164-C.g280,Ghana,WAF
PF0168-C,PF0168-C.g208,Ghana,WAF
PF0172-C,PF0172-C.g575,Ghana,WAF
PF0175-C,PF0175-C.g64,Ghana,WAF
PF0176-C,PF0176-C.g681,Ghana,WAF
PF0178-C,PF0178-C.g117,Ghana,WAF
PF0184-C,PF0184-C.g97,Ghana,WAF
PF0185-C,PF0185-C.g31,Ghana,WAF
PF0188-C,PF0188-C.g353,Ghana,WAF
PF0190-C,PF0190-C.g125,Ghana,WAF
PF0193-C,PF0193-C.g72,Ghana,WAF
PF0199-C,PF0199-C.g375,Ghana,WAF
PF0204-C,PF0204-C.g30,Ghana,WAF
PF0221-C,PF0221-C.g63,Ghana,WAF
PF0222-C,PF0222-C.g509,Ghana,WAF
PF0225-C,PF0225-C.g82,Ghana,WAF
PF0231-C,PF0231-C.g180,Ghana,WAF
PF0238-C,PF0238-C.g213,Ghana,WAF
PF0239-C,PF0239-C.g159,Ghana,WAF
PF0245-C,PF0245-C.g50,Ghana,WAF
PF0246-C,PF0246-C.g38,Ghana,WAF
PF0248-C,PF0248-C.g15,Ghana,WAF
PF0250-C,PF0250-C.g406,Ghana,WAF
PF0255-C,PF0255-C.g134,Ghana,WAF
PF0259-C,PF0259-C.g498,Ghana,WAF
PF0261-C,PF0261-C.g412,Ghana,WAF
PF0262-C,PF0262-C.g339,Ghana,WAF
PF0265-C,PF0265-C.g2564,Ghana,WAF
PF0274-C,PF0274-C.g795,Ghana,WAF
PF0276-C,PF0276-C.g502,Ghana,WAF
PF0279-C,PF0279-C.g421,Ghana,WAF
PF0282-C,PF0282-C.g193,Ghana,WAF
PF0286-C,PF0286-C.g142,Ghana,WAF
PF0298-C,PF0298-C.g73,Ghana,WAF
PF0299-C,PF0299-C.g544,Ghana,WAF
PF0301-C,PF0301-C.g64,Ghana,WAF
PF0304-C,PF0304-C.g294,Ghana,WAF
PF0305-C,PF0305-C.g424,Ghana,WAF
PF0309-C,PF0309-C.g158,Ghana,WAF
PF0311-C,PF0311-C.g159,Ghana,WAF
PF0314-C,PF0314-C.g45,Ghana,WAF
PF0318-C,PF0318-C.g621,Ghana,WAF
PF0323-C,PF0323-C.g351,Ghana,WAF
PF0325-C,PF0325-C.g110,Ghana,WAF
PF0328-C,PF0328-C.g788,Ghana,WAF
PF0332-C,PF0332-C.g99,Ghana,WAF
PF0334-C,PF0334-C.g15,Ghana,WAF
PF0334-C,PF0334-C.g98,Ghana,WAF
PF0337-C,PF0337-C.g43,Ghana,WAF
PF0341-C,PF0341-C.g23,Ghana,WAF
PF0345-C,PF0345-C.g4879,Ghana,WAF
PF0346-C,PF0346-C.g1458,Ghana,WAF
PF0354-C,PF0354-C.g567,Ghana,WAF
PF0355-C,PF0355-C.g120,Ghana,WAF
PF0359-C,PF0359-C.g32,Ghana,WAF
PF0366-C,PF0366-C.g121,Ghana,WAF
PF0368-C,PF0368-C.g168,Ghana,WAF
PF0370-C,PF0370-C.g549,Ghana,WAF
PF0372-C,PF0372-C.g110,Ghana,WAF
PF0372-C,PF0372-C.g65,Ghana,WAF
PF0390-C,PF0390-C.g1051,Ghana,WAF
PF0392-C,PF0392-C.g27,Ghana,WAF
PF0393-CW,PF0393-CW.g424,Ghana,WAF
PF0400-C,PF0400-C.g141,Ghana,WAF
PF0401-C,PF0401-C.g183,Ghana,WAF
PF0406-C,PF0406-C.g68,Ghana,WAF
PF0407-C,PF0407-C.g17,Ghana,WAF
PF0408-C,PF0408-C.g423,Ghana,WAF
PF0409-C,PF0409-C.g391,Ghana,WAF
PF0410-CW,PF0410-CW.g245,Ghana,WAF
PF0411-C,PF0411-C.g46,Ghana,WAF
PF0413-C,PF0413-C.g60,Ghana,WAF
PF0417-C,PF0417-C.g89,Ghana,WAF
PF0421-C,PF0421-C.g58,Ghana,WAF
PF0422-C,PF0422-C.g167,Ghana,WAF
PF0423-C,PF0423-C.g108,Ghana,WAF
PF0424-C,PF0424-C.g111,Ghana,WAF
PF0424-C,PF0424-C.g185,Ghana,WAF
PF0425-C,PF0425-C.g14,Ghana,WAF
PF0430-C,PF0430-C.g810,Ghana,WAF
PF0431-C,PF0431-C.g33,Ghana,WAF
PF0434-C,PF0434-C.g58,Ghana,WAF
PF0439-C,PF0439-C.g326,Ghana,WAF
PF0441-CW,PF0441-CW.g251,Ghana,WAF
PF0442-C,PF0442-C.g101,Ghana,WAF
PF0448-C,PF0448-C.g784,Ghana,WAF
PF0449-C,PF0449-C.g284,Ghana,WAF
PF0450-C,PF0450-C.g105,Ghana,WAF
PF0451-C,PF0451-C.g129,Ghana,WAF
PF0452-C,PF0452-C.g282,Ghana,WAF
PF0452-C,PF0452-C.g283,Ghana,WAF
PF0453-C,PF0453-C.g372,Ghana,WAF
PF0453-C,PF0453-C.g383,Ghana,WAF
PF0456-C,PF0456-C.g460,Ghana,WAF
PF0467-C,PF0467-C.g96,Ghana,WAF
PF0469-C,PF0469-C.g644,Ghana,WAF
PF0472-C,PF0472-C.g190,Ghana,WAF
PF0476-C,PF0476-C.g1397,Ghana,WAF
PF0482-C,PF0482-C.g184,Ghana,WAF
PF0486-C,PF0486-C.g329,Ghana,WAF
PF0487-C,PF0487-C.g604,Ghana,WAF
PF0487-C,PF0487-C.g667,Ghana,WAF
PF0491-C,PF0491-C.g283,Ghana,WAF
PF0491-C,PF0491-C.g307,Ghana,WAF
PF0493-C,PF0493-C.g216,Ghana,WAF
PF0507-C,PF0507-C.g258,Ghana,WAF
PF0511-C,PF0511-C.g609,Ghana,WAF
PF0511-C,PF0511-C.g639,Ghana,WAF
PF0512-C,PF0512-C.g192,Ghana,WAF
PF0512-C,PF0512-C.g193,Ghana,WAF
PF0513-C,PF0513-C.g5356,Ghana,WAF
PF0514-C,PF0514-C.g95,Ghana,WAF
PF0515-C,PF0515-C.g294,Ghana,WAF
PF0522-C,PF0522-C.g338,Ghana,WAF
PF0524-C,PF0524-C.g289,Ghana,WAF
PF0525-C,PF0525-C.g168,Ghana,WAF
PF0525-C,PF0525-C.g182,Ghana,WAF
PF0531-C,PF0531-C.g273,Ghana,WAF
PF0542-C,PF0542-C.g352,Ghana,WAF
PF0542-C,PF0542-C.g376,Ghana,WAF
PF0550-C,PF0550-C.g10266,Ghana,WAF
PF0550-C,PF0550-C.g14505,Ghana,WAF
PF0550-C,PF0550-C.g14657,Ghana,WAF
PF0554-Cx,PF0554-Cx.g86,Ghana,WAF
PF0559-C,PF0559-C.g146,Ghana,WAF
PF0559-Cx,PF0559-Cx.g36,Ghana,WAF
PF0560-Cx,PF0560-Cx.g97,Ghana,WAF
PF0562-C,PF0562-C.g728,Ghana,WAF
PF0562-Cx,PF0562-Cx.g953,Ghana,WAF
PF0583-C,PF0583-C.g321,Ghana,WAF
PF0583-C,PF0583-C.g430,Ghana,WAF
PF0584-Cx,PF0584-Cx.g450,Ghana,WAF
PF0590-C,PF0590-C.g293,Ghana,WAF
PF0590-Cx,PF0590-Cx.g910,Ghana,WAF
PF0604-C,PF0604-C.g2109,Ghana,WAF
PF0609-C,PF0609-C.g5536,Ghana,WAF
PF0617-C,PF0617-C.g237,Ghana,WAF
PF0619-C,PF0619-C.g4535,Ghana,WAF
PF0625-C,PF0625-C.g640,Ghana,WAF
PF0627-C,PF0627-C.g1041,Ghana,WAF
PF0628-C,PF0628-C.g1091,Ghana,WAF
PF0629-C,PF0629-C.g368,Ghana,WAF
PF0634-C,PF0634-C.g426,Ghana,WAF
PF0638-C,PF0638-C.g4277,Ghana,WAF
PF0641-C,PF0641-C.g976,Ghana,WAF
PF0650-C,PF0650-C.g4568,Ghana,WAF
PF0653-C,PF0653-C.g3725,Ghana,WAF
PF0669-C,PF0669-C.g341,Ghana,WAF
PF0676-C,PF0676-C.g310,Ghana,WAF
PF0678-C,PF0678-C.g127,Ghana,WAF
PF0680-C,PF0680-C.g46,Ghana,WAF
PF0685-C,PF0685-C.g253,Ghana,WAF
PF0687-C,PF0687-C.g1759,Ghana,WAF
PF0690-C,PF0690-C.g43,Ghana,WAF
PF0692-C,PF0692-C.g173,Ghana,WAF
PF0694-C,PF0694-C.g160,Ghana,WAF
PF0696-C,PF0696-C.g3036,Ghana,WAF
PF0697-C,PF0697-C.g96,Ghana,WAF
PF0698-C,PF0698-C.g133,Ghana,WAF
PF0711-C,PF0711-C.g430,Ghana,WAF
PF0722-C,PF0722-C.g281,Ghana,WAF
PF0725-C,PF0725-C.g30,Ghana,WAF
PF0727-C,PF0727-C.g264,Ghana,WAF
PF0729-C,PF0729-C.g315,Ghana,WAF
PF0730-C,PF0730-C.g136,Ghana,WAF
PF0730-C,PF0730-C.g20,Ghana,WAF
PF0731-C,PF0731-C.g630,Ghana,WAF
PF0731-C,PF0731-C.g761,Ghana,WAF
PF0733-C,PF0733-C.g207,Ghana,WAF
PF0734-C,PF0734-C.g931,Ghana,WAF
PF0737-C,PF0737-C.g160,Ghana,WAF
PF0738-C,PF0738-C.g157,Ghana,WAF
PF0741-C,PF0741-C.g431,Ghana,WAF
PF0747-C,PF0747-C.g154,Ghana,WAF
PF0749-C,PF0749-C.g379,Ghana,WAF
PF0758-C,PF0758-C.g294,Ghana,WAF
PF0759-C,PF0759-C.g222,Ghana,WAF
PF0761-C,PF0761-C.g175,Ghana,WAF
PF0767-C,PF0767-C.g2561,Ghana,WAF
PF0767-C,PF0767-C.g3055,Ghana,WAF
PF0768-C,PF0768-C.g128,Ghana,WAF
PF0771-C,PF0771-C.g3037,Ghana,WAF
PF0771-C,PF0771-C.g5782,Ghana,WAF
PF0782-C,PF0782-C.g983,Ghana,WAF
PF0785-C,PF0785-C.g206,Ghana,WAF
PF0789-C,PF0789-C.g214,Ghana,WAF
PF0790-C,PF0790-C.g155,Ghana,WAF
PF0793-C,PF0793-C.g1253,Ghana,WAF
PF0799-C,PF0799-C.g276,Ghana,WAF
PF0799-C,PF0799-C.g380,Ghana,WAF
PF0802-C,PF0802-C.g255,Ghana,WAF
PF0803-C,PF0803-C.g73,Ghana,WAF
PF0806-C,PF0806-C.g6366,Ghana,WAF
PF0807-C,PF0807-C.g274,Ghana,WAF
PF0807-C,PF0807-C.g324,Ghana,WAF
PF0809-C,PF0809-C.g145,Ghana,WAF
PF0811-C,PF0811-C.g162,Ghana,WAF
PF0816-C,PF0816-C.g110,Ghana,WAF
PF0816-C,PF0816-C.g46,Ghana,WAF
PF0817-C,PF0817-C.g208,Ghana,WAF
PF0818-C,PF0818-C.g73,Ghana,WAF
PF0820-C,PF0820-C.g207,Ghana,WAF
PF0822-C,PF0822-C.g154,Ghana,WAF
PF0823-C,PF0823-C.g438,Ghana,WAF
PFKE01,PFKE01.g12,Kenya,EAF
PFKE06,PFKE06.g4,Kenya,EAF
PFKE07,PFKE07.g145,Kenya,EAF
PFKE12,PFKE12.g429,Kenya,EAF
PH0052-C,PH0052-C.g210,Cambodia,ESEA
PH0054-C,PH0054-C.g460,Cambodia,ESEA
PH0055-C,PH0055-C.g568,Cambodia,ESEA
PH0056-C,PH0056-C.g313,Cambodia,ESEA
PH0057-C,PH0057-C.g179,Cambodia,ESEA
PH0059-C,PH0059-C.g96,Cambodia,ESEA
PH0161-C,PH0161-C.g139,Cambodia,ESEA
PH0164-C,PH0164-C.g95,Cambodia,ESEA
PH0169-C,PH0169-C.g476,Cambodia,ESEA
PH0171-C,PH0171-C.g67,Cambodia,ESEA
PH0173-C,PH0173-C.g98,Cambodia,ESEA
PH0192-C,PH0192-C.g232,Cambodia,ESEA
PH0193-C,PH0193-C.g136,Cambodia,ESEA
PH0193-C,PH0193-C.g85,Cambodia,ESEA
PH0194-C,PH0194-C.g103,Cambodia,ESEA
PH0199-C,PH0199-C.g95,Cambodia,ESEA
PH0200-C,PH0200-C.g135,Cambodia,ESEA
PH0203-C,PH0203-C.g475,Cambodia,ESEA
PH0206-C,PH0206-C.g132,Cambodia,ESEA
PH0207-C,PH0207-C.g26,Cambodia,ESEA
PH0209-C,PH0209-C.g141,Cambodia,ESEA
PH0211-C,PH0211-C.g1059,Cambodia,ESEA
PH0213-C,PH0213-C.g30,Cambodia,ESEA
PH0238-C,PH0238-C.g58,Cambodia,ESEA
PH0240-C,PH0240-C.g179,Cambodia,ESEA
PH0241-C,PH0241-C.g175,Cambodia,ESEA
PH0243-C,PH0243-C.g245,Cambodia,ESEA
PH0245-C,PH0245-C.g94,Cambodia,ESEA
PH0246-C,PH0246-C.g212,Cambodia,ESEA
PH0249-C,PH0249-C.g56,Cambodia,ESEA
PH0251-C,PH0251-C.g64,Cambodia,ESEA
PH0274-C,PH0274-C.g466,Cambodia,ESEA
PH0283-C,PH0283-C.g144,Cambodia,ESEA
PH0286-CW,PH0286-CW.g162,Cambodia,ESEA
PH0300-C,PH0300-C.g35,Cambodia,ESEA
PH0302-C,PH0302-C.g198,Cambodia,ESEA
PH0304-C,PH0304-C.g484,Cambodia,ESEA
PH0306-C,PH0306-C.g153,Cambodia,ESEA
PH0307-C,PH0307-C.g190,Cambodia,ESEA
PH0325-C,PH0325-C.g188,Cambodia,ESEA
PH0326-C,PH0326-C.g309,Cambodia,ESEA
PH0329-C,PH0329-C.g194,Cambodia,ESEA
PH0334-C,PH0334-C.g792,Cambodia,ESEA
PH0337-C,PH0337-C.g146,Cambodia,ESEA
PH0352-C,PH0352-C.g100,Cambodia,ESEA
PH0352-C,PH0352-C.g186,Cambodia,ESEA
PH0353-C,PH0353-C.g94,Cambodia,ESEA
PH0355-C,PH0355-C.g194,Cambodia,ESEA
PH0355-C,PH0355-C.g387,Cambodia,ESEA
PH0360-C,PH0360-C.g4,Cambodia,ESEA
PH0361-C,PH0361-C.g474,Cambodia,ESEA
PH0372-C,PH0372-C.g136,Cambodia,ESEA
PH0378-C,PH0378-C.g427,Cambodia,ESEA
PH0381-C,PH0381-C.g359,Cambodia,ESEA
PH0382-C,PH0382-C.g181,Cambodia,ESEA
PH0383-C,PH0383-C.g152,Cambodia,ESEA
PH0389-C,PH0389-C.g4530,Cambodia,ESEA
PH0391-C,PH0391-C.g5135,Cambodia,ESEA
PH0393-C,PH0393-C.g4936,Cambodia,ESEA
PH0438-C,PH0438-C.g3010,Cambodia,ESEA
PH0453-C,PH0453-C.g82,Cambodia,ESEA
PH0458-CW,PH0458-CW.g453,Cambodia,ESEA
PH0460-C,PH0460-C.g81,Cambodia,ESEA
PH0461-C,PH0461-C.g184,Cambodia,ESEA
PH0463-C,PH0463-C.g125,Cambodia,ESEA
PH0468-C,PH0468-C.g85,Cambodia,ESEA
PH0472-C,PH0472-C.g117,Cambodia,ESEA
PH0477-C,PH0477-C.g114,Cambodia,ESEA
PH0478-C,PH0478-C.g143,Cambodia,ESEA
PH0480-C,PH0480-C.g123,Cambodia,ESEA
PH0482-C,PH0482-C.g149,Cambodia,ESEA
PH0489-C,PH0489-C.g138,Cambodia,ESEA
PH0490-C,PH0490-C.g57,Cambodia,ESEA
PH0495-CW,PH0495-CW.g137,Cambodia,ESEA
PH0498-CW,PH0498-CW.g172,Cambodia,ESEA
PH0499-CW,PH0499-CW.g774,Cambodia,ESEA
PH0500-CW,PH0500-CW.g88,Cambodia,ESEA
PH0501-CW,PH0501-CW.g96,Cambodia,ESEA
PH0506-C,PH0506-C.g160,Cambodia,ESEA
PH0507-C,PH0507-C.g354,Cambodia,ESEA
PH0507-C,PH0507-C.g502,Cambodia,ESEA
PH0513-C,PH0513-C.g154,Cambodia,ESEA
PH0513-C,PH0513-C.g974,Cambodia,ESEA
PH0523-C,PH0523-C.g200,Cambodia,ESEA
PH0524-C,PH0524-C.g213,Cambodia,ESEA
PH0527-C,PH0527-C.g430,Cambodia,ESEA
PH0528-C,PH0528-C.g107,Cambodia,ESEA
PH0530-C,PH0530-C.g272,Cambodia,ESEA
PH0531-C,PH0531-C.g845,Cambodia,ESEA
PH0532-C,PH0532-C.g299,Cambodia,ESEA
PH0533-C,PH0533-C.g61,Cambodia,ESEA
PH0537-C,PH0537-C.g176,Cambodia,ESEA
PH0538-C,PH0538-C.g341,Cambodia,ESEA
PH0542-C,PH0542-C.g507,Cambodia,ESEA
PH0545-C,PH0545-C.g425,Cambodia,ESEA
PH0546-C,PH0546-C.g17,Cambodia,ESEA
PH0548-C,PH0548-C.g297,Cambodia,ESEA
PH0549-C,PH0549-C.g394,Cambodia,ESEA
PH0551-C,PH0551-C.g704,Cambodia,ESEA
PH0552-C,PH0552-C.g163,Cambodia,ESEA
PH0553-C,PH0553-C.g423,Cambodia,ESEA
PH0554-C,PH0554-C.g643,Cambodia,ESEA
PH0555-C,PH0555-C.g155,Cambodia,ESEA
PH0557-C,PH0557-C.g229,Cambodia,ESEA
PH0558-C,PH0558-C.g412,Cambodia,ESEA
PH0559-C,PH0559-C.g60,Cambodia,ESEA
PH0560-C,PH0560-C.g135,Cambodia,ESEA
PH0563-C,PH0563-C.g281,Cambodia,ESEA
PH0564-C,PH0564-C.g205,Cambodia,ESEA
PH0566-C,PH0566-C.g174,Cambodia,ESEA
PH0568-C,PH0568-C.g41,Cambodia,ESEA
PH0568-C,PH0568-C.g64,Cambodia,ESEA
PH0569-C,PH0569-C.g178,Cambodia,ESEA
PH0571-C,PH0571-C.g126,Cambodia,ESEA
PH0572-C,PH0572-C.g20,Cambodia,ESEA
PH0573-C,PH0573-C.g185,Cambodia,ESEA
PH0576-C,PH0576-C.g133,Cambodia,ESEA
PH0576-C,PH0576-C.g160,Cambodia,ESEA
PH0580-C,PH0580-C.g62,Cambodia,ESEA
PH0583-C,PH0583-C.g39,Cambodia,ESEA
PH0584-C,PH0584-C.g668,Cambodia,ESEA
PH0585-C,PH0585-C.g184,Cambodia,ESEA
PH0589-C,PH0589-C.g177,Cambodia,ESEA
PH0594-C,PH0594-C.g85,Cambodia,ESEA
PH0595-C,PH0595-C.g356,Cambodia,ESEA
PH0597-C,PH0597-C.g434,Cambodia,ESEA
PH0598-C,PH0598-C.g171,Cambodia,ESEA
PH0599-C,PH0599-C.g206,Cambodia,ESEA
PH0601-C,PH0601-C.g175,Cambodia,ESEA
PH0602-C,PH0602-C.g215,Cambodia,ESEA
PH0603-C,PH0603-C.g2333,Cambodia,ESEA
PH0604-C,PH0604-C.g231,Cambodia,ESEA
PH0609-C,PH0609-C.g18,Cambodia,ESEA
PH0614-C,PH0614-C.g122,Cambodia,ESEA
PH0619-C,PH0619-C.g98,Cambodia,ESEA
PH0624-C,PH0624-C.g37,Cambodia,ESEA
PH0624-C,PH0624-C.g837,Cambodia,ESEA
PH0625-C,PH0625-C.g56,Cambodia,ESEA
PH0627-C,PH0627-C.g394,Cambodia,ESEA
PH0630-C,PH0630-C.g243,Cambodia,ESEA
PH0632-C,PH0632-C.g334,Cambodia,ESEA
PH0632-C,PH0632-C.g833,Cambodia,ESEA
PH0636-C,PH0636-C.g5,Cambodia,ESEA
PH0642-C,PH0642-C.g453,Cambodia,ESEA
PH0643-C,PH0643-C.g248,Cambodia,ESEA
PH0647-C,PH0647-C.g102,Cambodia,ESEA
PH0647-C,PH0647-C.g186,Cambodia,ESEA
PH0648-C,PH0648-C.g194,Cambodia,ESEA
PH0648-C,PH0648-C.g37,Cambodia,ESEA
PH0650-C,PH0650-C.g289,Cambodia,ESEA
PH0651-C,PH0651-C.g1363,Cambodia,ESEA
PH0676-C,PH0676-C.g196,Cambodia,ESEA
PH0678-C,PH0678-C.g28,Cambodia,ESEA
PH0680-C,PH0680-C.g751,Cambodia,ESEA
PH0682-C,PH0682-C.g151,Cambodia,ESEA
PH0683-C,PH0683-C.g412,Cambodia,ESEA
PH0684-C,PH0684-C.g200,Cambodia,ESEA
PH0687-C,PH0687-C.g280,Cambodia,ESEA
PH0694-C,PH0694-C.g121,Cambodia,ESEA
PH0696-C,PH0696-C.g698,Cambodia,ESEA
PH0700-C,PH0700-C.g526,Cambodia,ESEA
PH0701-C,PH0701-C.g795,Cambodia,ESEA
PH0703-C,PH0703-C.g913,Cambodia,ESEA
PH0704-C,PH0704-C.g114,Cambodia,ESEA
PH0704-C,PH0704-C.g212,Cambodia,ESEA
PH0709-C,PH0709-C.g236,Cambodia,ESEA
PH0712-C,PH0712-C.g91,Cambodia,ESEA
PH0713-C,PH0713-C.g165,Cambodia,ESEA
PH0719-C,PH0719-C.g683,Cambodia,ESEA
PH0722-C,PH0722-C.g745,Cambodia,ESEA
PH0727-C,PH0727-C.g16,Cambodia,ESEA
PH0728-C,PH0728-C.g204,Cambodia,ESEA
PH0729-C,PH0729-C.g31,Cambodia,ESEA
PH0732-C,PH0732-C.g18,Cambodia,ESEA
PH0736-C,PH0736-C.g237,Cambodia,ESEA
PH0738-C,PH0738-C.g37,Cambodia,ESEA
PH0739-C,PH0739-C.g81,Cambodia,ESEA
PH0741-C,PH0741-C.g731,Cambodia,ESEA
PH0746-C,PH0746-C.g485,Cambodia,ESEA
PH0759-C,PH0759-C.g801,Cambodia,ESEA
PH0761-C,PH0761-C.g105,Cambodia,ESEA
PH0766-Cx,PH0766-Cx.g168,Cambodia,ESEA
PH0766-Cx,PH0766-Cx.g233,Cambodia,ESEA
PH0767-C,PH0767-C.g23,Cambodia,ESEA
PH0769-C,PH0769-C.g174,Cambodia,ESEA
PH0774-C,PH0774-C.g148,Cambodia,ESEA
PH0778-C,PH0778-C.g122,Cambodia,ESEA
PH0783-C,PH0783-C.g758,Cambodia,ESEA
PH0788-C,PH0788-C.g54,Cambodia,ESEA
PH0794-C,PH0794-C.g1367,Cambodia,ESEA
PH0794-C,PH0794-C.g1388,Cambodia,ESEA
PH0797-C,PH0797-C.g174,Cambodia,ESEA
PH0797-C,PH0797-C.g192,Cambodia,ESEA
PH0813-C,PH0813-C.g632,Cambodia,ESEA
PH0817-C,PH0817-C.g240,Cambodia,ESEA
PH0819-C,PH0819-C.g320,Cambodia,ESEA
PH0820-C,PH0820-C.g362,Cambodia,ESEA
PH0822-C,PH0822-C.g751,Cambodia,ESEA
PH0824-C,PH0824-C.g376,Cambodia,ESEA
PH0824-C,PH0824-C.g402,Cambodia,ESEA
PH0828-C,PH0828-C.g228,Cambodia,ESEA
PH0830-C,PH0830-C.g29,Cambodia,ESEA
PH0833-C,PH0833-C.g72,Cambodia,ESEA
PH0835-C,PH0835-C.g357,Cambodia,ESEA
PH0837-C,PH0837-C.g641,Cambodia,ESEA
PH0838-C,PH0838-C.g125,Cambodia,ESEA
PH0839-C,PH0839-C.g185,Cambodia,ESEA
PH0840-C,PH0840-C.g260,Cambodia,ESEA
PH0841-C,PH0841-C.g156,Cambodia,ESEA
PH0842-C,PH0842-C.g220,Cambodia,ESEA
PH0844-C,PH0844-C.g208,Cambodia,ESEA
PH0845-C,PH0845-C.g79,Cambodia,ESEA
PH0846-C,PH0846-C.g883,Cambodia,ESEA
PH0847-C,PH0847-C.g332,Cambodia,ESEA
PH0848-C,PH0848-C.g47,Cambodia,ESEA
PH0850-C,PH0850-C.g52,Cambodia,ESEA
PH0851-C,PH0851-C.g34,Cambodia,ESEA
PH0852-C,PH0852-C.g64,Cambodia,ESEA
PH0853-C,PH0853-C.g94,Cambodia,ESEA
PH0855-C,PH0855-C.g672,Cambodia,ESEA
PH0856-C,PH0856-C.g787,Cambodia,ESEA
PH0858-C,PH0858-C.g432,Cambodia,ESEA
PH0860-Cx,PH0860-Cx.g765,Cambodia,ESEA
PH0865-C,PH0865-C.g71,Cambodia,ESEA
PH0866-C,PH0866-C.g161,Cambodia,ESEA
PH0871-C,PH0871-C.g135,Cambodia,ESEA
PH0872-C,PH0872-C.g202,Cambodia,ESEA
PH0878-C,PH0878-C.g68,Cambodia,ESEA
PH0879-C,PH0879-C.g348,Cambodia,ESEA
PH0880-C,PH0880-C.g791,Cambodia,ESEA
PH0886-C,PH0886-C.g313,Cambodia,ESEA
PH0888-C,PH0888-C.g57,Cambodia,ESEA
PH0889-C,PH0889-C.g623,Cambodia,ESEA
PH0890-C,PH0890-C.g218,Cambodia,ESEA
PH0896-C,PH0896-C.g113,Cambodia,ESEA
PH0899-C,PH0899-C.g622,Cambodia,ESEA
PH0900-C,PH0900-C.g113,Cambodia,ESEA
PH0901-C,PH0901-C.g71,Cambodia,ESEA
PH0902-C,PH0902-C.g1022,Cambodia,ESEA
PH0903-C,PH0903-C.g105,Cambodia,ESEA
PH0904-C,PH0904-C.g31,Cambodia,ESEA
PH0905-C,PH0905-C.g75,Cambodia,ESEA
PH0905-C,PH0905-C.g996,Cambodia,ESEA
PH0907-C,PH0907-C.g669,Cambodia,ESEA
PH0908-C,PH0908-C.g514,Cambodia,ESEA
PH0909-C,PH0909-C.g908,Cambodia,ESEA
PH0910-C,PH0910-C.g44,Cambodia,ESEA
PH0911-Cx,PH0911-Cx.g16,Cambodia,ESEA
PH0915-C,PH0915-C.g332,Cambodia,ESEA
PH0916-C,PH0916-C.g299,Cambodia,ESEA
PH0920-Cx,PH0920-Cx.g468,Cambodia,ESEA
PH0923-Cx,PH0923-Cx.g574,Cambodia,ESEA
PH0924-C,PH0924-C.g276,Cambodia,ESEA
PH0925-C,PH0925-C.g75,Cambodia,ESEA
PH0928-C,PH0928-C.g355,Cambodia,ESEA
PH0929-C,PH0929-C.g1013,Cambodia,ESEA
PH0931-C,PH0931-C.g268,Cambodia,ESEA
PH0933-C,PH0933-C.g127,Cambodia,ESEA
PH0935-C,PH0935-C.g161,Cambodia,ESEA
PH0979-C,PH0979-C.g269,Cambodia,ESEA
PH0983-C,PH0983-C.g137,Cambodia,ESEA
PH0985-C,PH0985-C.g261,Cambodia,ESEA
PH0989-C,PH0989-C.g1616,Cambodia,ESEA
PH0990-C,PH0990-C.g200,Cambodia,ESEA
PH0991-C,PH0991-C.g134,Cambodia,ESEA
PH0994-C,PH0994-C.g268,Cambodia,ESEA
PH0996-C,PH0996-C.g40,Cambodia,ESEA
PH0997-C,PH0997-C.g149,Cambodia,ESEA
PH0999-C,PH0999-C.g1029,Cambodia,ESEA
PH1001-C,PH1001-C.g539,Cambodia,ESEA
PH1002-C,PH1002-C.g248,Cambodia,ESEA
PH1003-C,PH1003-C.g1249,Cambodia,ESEA
PH1136-C,PH1136-C.g954,Cambodia,ESEA
PH1137-C,PH1137-C.g377,Cambodia,ESEA
PM0004-C,PM0004-C.g916,Mali,WAF
PM0018-C,PM0018-C.g853,Mali,WAF
PM0021-C,PM0021-C.g73,Mali,WAF
PM0037-C,PM0037-C.g1019,Mali,WAF
PM0043-C,PM0043-C.g2980,Mali,WAF
PM0048-C,PM0048-C.g302,Mali,WAF
PM0049-C,PM0049-C.g240,Mali,WAF
PM0060-C,PM0060-C.g96,Mali,WAF
PM0064-C,PM0064-C.g19,Mali,WAF
PM0075-C,PM0075-C.g901,Mali,WAF
PM0076-C,PM0076-C.g1291,Mali,WAF
PM0086-C,PM0086-C.g877,Mali,WAF
PM0090-C,PM0090-C.g67,Mali,WAF
PM0097-C,PM0097-C.g64,Mali,WAF
PM0098-C,PM0098-C.g224,Mali,WAF
PM0098-C,PM0098-C.g355,Mali,WAF
PM0113-C,PM0113-C.g120,Mali,WAF
PM0113-C,PM0113-C.g61,Mali,WAF
PM0115-C,PM0115-C.g189,Mali,WAF
PM0117-C,PM0117-C.g1078,Mali,WAF
PM0127-C,PM0127-C.g1219,Mali,WAF
PM0129-C,PM0129-C.g2977,Mali,WAF
PM0132-C,PM0132-C.g63,Mali,WAF
PM0133-C,PM0133-C.g65,Mali,WAF
PM0134-C,PM0134-C.g518,Mali,WAF
PM0142-C,PM0142-C.g22,Mali,WAF
PM0145-C,PM0145-C.g97,Mali,WAF
PM0147-C,PM0147-C.g277,Mali,WAF
PM0157-C,PM0157-C.g199,Mali,WAF
PM0159-C,PM0159-C.g405,Mali,WAF
PM0159-C,PM0159-C.g594,Mali,WAF
PP0013-C,PP0013-C.g119,Peru,SAM
PP0017-C,PP0017-C.g149,Peru,SAM
PR0114-C,PR0114-C.g16,Bangladesh,SAS
PR0115-C,PR0115-C.g95,Bangladesh,SAS
PR0119-C,PR0119-C.g233,Bangladesh,SAS
PR0120-C,PR0120-C.g109,Bangladesh,SAS
PR0120-C,PR0120-C.g161,Bangladesh,SAS
PR0121-C,PR0121-C.g57,Bangladesh,SAS
PR0122-C,PR0122-C.g23,Bangladesh,SAS
PR0125-C,PR0125-C.g2697,Bangladesh,SAS
PR0126-C,PR0126-C.g183,Bangladesh,SAS
PR0126-C,PR0126-C.g69,Bangladesh,SAS
PR0128-C,PR0128-C.g889,Bangladesh,SAS
PR0129-C,PR0129-C.g185,Bangladesh,SAS
PR0130-C,PR0130-C.g145,Bangladesh,SAS
PR0132-C,PR0132-C.g29,Bangladesh,SAS
PR0134-C,PR0134-C.g426,Bangladesh,SAS
PR0135-C,PR0135-C.g107,Bangladesh,SAS
PR0136-C,PR0136-C.g396,Bangladesh,SAS
PR0141-C,PR0141-C.g101,Bangladesh,SAS
PR0141-C,PR0141-C.g49,Bangladesh,SAS
PR0144-C,PR0144-C.g249,Bangladesh,SAS
PR0144-C,PR0144-C.g250,Bangladesh,SAS
PR0145-C,PR0145-C.g186,Bangladesh,SAS
PR0148-C,PR0148-C.g251,Bangladesh,SAS
PR0149-C,PR0149-C.g125,Bangladesh,SAS
PR0150-C,PR0150-C.g237,Bangladesh,SAS
PR0151-C,PR0151-C.g1377,Bangladesh,SAS
PR0151-C,PR0151-C.g318,Bangladesh,SAS
PR0153-C,PR0153-C.g111,Bangladesh,SAS
PR0155-C,PR0155-C.g958,Bangladesh,SAS
PR0158-C,PR0158-C.g385,Bangladesh,SAS
PR0158-C,PR0158-C.g99,Bangladesh,SAS
PR0160-C,PR0160-C.g224,Bangladesh,SAS
PR0160-C,PR0160-C.g289,Bangladesh,SAS
PR0162-C,PR0162-C.g193,Bangladesh,SAS
PR0163-C,PR0163-C.g165,Bangladesh,SAS
PR0164-C,PR0164-C.g871,Bangladesh,SAS
PR0165-C,PR0165-C.g116,Bangladesh,SAS
PR0165-C,PR0165-C.g135,Bangladesh,SAS
PR0166-C,PR0166-C.g405,Bangladesh,SAS
PT0007-CW,PT0007-CW.g621,Malawi,EAF
PT0014-CW,PT0014-CW.g47,Malawi,EAF
PT0018-CW,PT0018-CW.g412,Malawi,EAF
PT0021-CW,PT0021-CW.g372,Malawi,EAF
PT0023-CW,PT0023-CW.g261,Malawi,EAF
PT0027-C,PT0027-C.g147,Malawi,EAF
PT0031-C,PT0031-C.g137,Malawi,EAF
PT0032-C,PT0032-C.g302,Malawi,EAF
PT0035-C,PT0035-C.g209,Malawi,EAF
PT0041-C,PT0041-C.g141,Malawi,EAF
PT0048-C,PT0048-C.g62,Malawi,EAF
PT0052-C,PT0052-C.g402,Malawi,EAF
PT0058-C,PT0058-C.g131,Malawi,EAF
PT0059-C,PT0059-C.g258,Malawi,EAF
PT0063-C,PT0063-C.g151,Malawi,EAF
PT0068-C,PT0068-C.g308,Malawi,EAF
PT0068-C,PT0068-C.g351,Malawi,EAF
PT0072-C,PT0072-C.g592,Malawi,EAF
PT0073-C,PT0073-C.g99,Malawi,EAF
PT0076-C,PT0076-C.g318,Malawi,EAF
PT0078-Cx,PT0078-Cx.g37,Malawi,EAF
PT0079-C,PT0079-C.g130,Malawi,EAF
PT0080-C,PT0080-C.g20,Malawi,EAF
PT0080-C,PT0080-C.g88,Malawi,EAF
PT0084-C,PT0084-C.g113,Malawi,EAF
PT0086-C,PT0086-C.g207,Malawi,EAF
PT0090-C,PT0090-C.g315,Malawi,EAF
PT0095-C,PT0095-C.g131,Malawi,EAF
PT0098-C,PT0098-C.g87,Malawi,EAF
PT0099-C,PT0099-C.g210,Malawi,EAF
PT0101-C,PT0101-C.g733,Malawi,EAF
PT0102-C,PT0102-C.g156,Malawi,EAF
PT0102-C,PT0102-C.g218,Malawi,EAF
PT0105-C,PT0105-C.g239,Malawi,EAF
PT0108-C,PT0108-C.g272,Malawi,EAF
PT0108-C,PT0108-C.g348,Malawi,EAF
PT0115-C,PT0115-C.g420,Malawi,EAF
PT0115-C,PT0115-C.g438,Malawi,EAF
PT0125-C,PT0125-C.g583,Malawi,EAF
PT0126-C,PT0126-C.g238,Malawi,EAF
PT0129-C,PT0129-C.g245,Malawi,EAF
PT0129-C,PT0129-C.g332,Malawi,EAF
PT0131-C,PT0131-C.g318,Malawi,EAF
PT0133-C,PT0133-C.g249,Malawi,EAF
PT0134-C,PT0134-C.g285,Malawi,EAF
PT0137-C,PT0137-C.g402,Malawi,EAF
PT0139-C,PT0139-C.g207,Malawi,EAF
PT0139-C,PT0139-C.g433,Malawi,EAF
PT0141-C,PT0141-C.g178,Malawi,EAF
PT0145-C,PT0145-C.g463,Malawi,EAF
PT0149-C,PT0149-C.g300,Malawi,EAF
PT0150-C,PT0150-C.g1228,Malawi,EAF
PT0158-C,PT0158-C.g344,Malawi,EAF
PT0160-C,PT0160-C.g572,Malawi,EAF
PT0165-C,PT0165-C.g288,Malawi,EAF
PT0166-C,PT0166-C.g273,Malawi,EAF
PT0174-C,PT0174-C.g3573,Malawi,EAF
PT0174-C,PT0174-C.g3718,Malawi,EAF
PT0175-C,PT0175-C.g1797,Malawi,EAF
PT0177-C,PT0177-C.g4798,Malawi,EAF
PT0184-C,PT0184-C.g4495,Malawi,EAF
PT0188-Cx,PT0188-Cx.g438,Malawi,EAF
PT0189-Cx,PT0189-Cx.g20,Malawi,EAF
PT0197-C,PT0197-C.g538,Malawi,EAF
PT0200-Cx,PT0200-Cx.g341,Malawi,EAF
PT0201-Cx,PT0201-Cx.g499,Malawi,EAF
PT0202-Cx,PT0202-Cx.g411,Malawi,EAF
PT0204-Cx,PT0204-Cx.g59,Malawi,EAF
PT0206-Cx,PT0206-Cx.g1000,Malawi,EAF
PT0207-C,PT0207-C.g540,Malawi,EAF
PT0209-C,PT0209-C.g2926,Malawi,EAF
PT0214-Cx,PT0214-Cx.g911,Malawi,EAF
PT0215-Cx,PT0215-Cx.g654,Malawi,EAF
PT0216-C,PT0216-C.g3108,Malawi,EAF
PT0217-Cx,PT0217-Cx.g967,Malawi,EAF
PT0218-Cx,PT0218-Cx.g62,Malawi,EAF
PT0219-C,PT0219-C.g191,Malawi,EAF
PT0220-C,PT0220-C.g169,Malawi,EAF
PT0220-C,PT0220-C.g299,Malawi,EAF
PT0222-C,PT0222-C.g204,Malawi,EAF
PT0224-Cx,PT0224-Cx.g156,Malawi,EAF
PT0225-C,PT0225-C.g148,Malawi,EAF
PT0226-Cx,PT0226-Cx.g96,Malawi,EAF
PT0230-Cx,PT0230-Cx.g245,Malawi,EAF
PT0234-Cx,PT0234-Cx.g204,Malawi,EAF
PT0237-Cx,PT0237-Cx.g28,Malawi,EAF
PT0240-C,PT0240-C.g309,Malawi,EAF
PT0241-C,PT0241-C.g580,Malawi,EAF
PT0241-C,PT0241-C.g582,Malawi,EAF
PT0242-Cx,PT0242-Cx.g167,Malawi,EAF
PT0248-Cx,PT0248-Cx.g309,Malawi,EAF
PT0249-Cx,PT0249-Cx.g335,Malawi,EAF
PT0253-Cx,PT0253-Cx.g86,Malawi,EAF
PT0255-Cx,PT0255-Cx.g240,Malawi,EAF
PT0256-C,PT0256-C.g195,Malawi,EAF
PT0258-Cx,PT0258-Cx.g24,Malawi,EAF
PT0261-Cx,PT0261-Cx.g33,Malawi,EAF
PT0262-C,PT0262-C.g161,Malawi,EAF
PT0263-C,PT0263-C.g310,Malawi,EAF
PT0264-C,PT0264-C.g40,Malawi,EAF
PT0266-C,PT0266-C.g985,Malawi,EAF
PT0269-C,PT0269-C.g227,Malawi,EAF
PT0270-C,PT0270-C.g230,Malawi,EAF
PT0277-C,PT0277-C.g422,Malawi,EAF
PT0277-C,PT0277-C.g494,Malawi,EAF
PT0280-C,PT0280-C.g7260,Malawi,EAF
PT0280-C,PT0280-C.g7370,Malawi,EAF
PT0286-C,PT0286-C.g6918,Malawi,EAF
PT0290-C,PT0290-C.g356,Malawi,EAF
PT0290-C,PT0290-C.g439,Malawi,EAF
PT0291-Cx,PT0291-Cx.g1411,Malawi,EAF
PT0294-C,PT0294-C.g1553,Malawi,EAF
PT0297-C,PT0297-C.g1187,Malawi,EAF
PT0297-C,PT0297-C.g1421,Malawi,EAF
PT0298-Cx,PT0298-Cx.g11835,Malawi,EAF
PT0303-Cx,PT0303-Cx.g1142,Malawi,EAF
PV0017-C,PV0017-C.g209,Viet Nam,ESEA
PV0017-C,PV0017-C.g259,Viet Nam,ESEA
PV0018-C,PV0018-C.g29,Viet Nam,ESEA
PV0018-C,PV0018-C.g859,Viet Nam,ESEA
PV0039-C,PV0039-C.g48,Viet Nam,ESEA
PV0249-Cx,PV0249-Cx.g184,Viet Nam,ESEA
PV0250-C,PV0250-C.g311,Viet Nam,ESEA
PV0252-C,PV0252-C.g447,Viet Nam,ESEA
PV0254-C,PV0254-C.g291,Viet Nam,ESEA
PV0259-C,PV0259-C.g181,Viet Nam,ESEA
PV0262-C,PV0262-C.g53,Viet Nam,ESEA
PV0264-C,PV0264-C.g403,Viet Nam,ESEA
PV0266-C,PV0266-C.g184,Viet Nam,ESEA
PV0267-C,PV0267-C.g234,Viet Nam,ESEA
PV0269-C,PV0269-C.g249,Viet Nam,ESEA
PV0270-C,PV0270-C.g296,Viet Nam,ESEA
PV0271-C,PV0271-C.g170,Viet Nam,ESEA
PV0274-C,PV0274-C.g325,Viet Nam,ESEA
PV0274-C,PV0274-C.g327,Viet Nam,ESEA
PV0279-C,PV0279-C.g215,Viet Nam,ESEA
PV0282-C,PV0282-C.g97,Viet Nam,ESEA
PV0292-C,PV0292-C.g175,Viet Nam,ESEA
PV0294-C,PV0294-C.g447,Viet Nam,ESEA
PV0296-C,PV0296-C.g122,Viet Nam,ESEA
PV0296-C,PV0296-C.g90,Viet Nam,ESEA
PV0297-C,PV0297-C.g135,Viet Nam,ESEA
PV0299-C,PV0299-C.g211,Viet Nam,ESEA
PV0305-C,PV0305-C.g109,Viet Nam,ESEA
PV0305-C,PV0305-C.g226,Viet Nam,ESEA
PV0306-C,PV0306-C.g85,Viet Nam,ESEA
PV0309-C,PV0309-C.g115,Viet Nam,ESEA
PV0310-C,PV0310-C.g812,Viet Nam,ESEA
PV0311-C,PV0311-C.g307,Viet Nam,ESEA
PV0312-C,PV0312-C.g152,Viet Nam,ESEA
PV0313-C,PV0313-C.g243,Viet Nam,ESEA
PV0318-C,PV0318-C.g187,Viet Nam,ESEA
PV0320-C,PV0320-C.g177,Viet Nam,ESEA
PV0322-C,PV0322-C.g92,Viet Nam,ESEA
PV0324-C,PV0324-C.g164,Viet Nam,ESEA
PV0325-C,PV0325-C.g220,Viet Nam,ESEA
PV0328-C,PV0328-C.g264,Viet Nam,ESEA
PV0330-C,PV0330-C.g165,Viet Nam,ESEA
PV0333-C,PV0333-C.g523,Viet Nam,ESEA
PV0335-C,PV0335-C.g113,Viet Nam,ESEA
PV0335-C,PV0335-C.g193,Viet Nam,ESEA
PV0336-C,PV0336-C.g348,Viet Nam,ESEA
PV0336-C,PV0336-C.g45,Viet Nam,ESEA
PV0337-C,PV0337-C.g568,Viet Nam,ESEA
PV0338-C,PV0338-C.g314,Viet Nam,ESEA
PV0339-C,PV0339-C.g346,Viet Nam,ESEA
PV0343-C,PV0343-C.g130,Viet Nam,ESEA
PV0345-C,PV0345-C.g73,Viet Nam,ESEA
PV0347-C,PV0347-C.g265,Viet Nam,ESEA
PV0355-C,PV0355-C.g84,Viet Nam,ESEA
PV0358-C,PV0358-C.g106,Viet Nam,ESEA
PV0358-C,PV0358-C.g340,Viet Nam,ESEA
PW0001-C,PW0001-C.g645,Colombia,SAM
PW0006-C,PW0006-C.g92,Colombia,SAM
PfKE02,PfKE02.g8,Kenya,EAF
PfKE04,PfKE04.g1171,Kenya,EAF
QC0145-C,QC0145-C.g52,Myanmar,WSEA
QC0165-C,QC0165-C.g174,Myanmar,WSEA
QC0166-C,QC0166-C.g128,Myanmar,WSEA
QC0168-C,QC0168-C.g207,Myanmar,WSEA
QC0169-C,QC0169-C.g160,Myanmar,WSEA
QC0170-C,QC0170-C.g65,Myanmar,WSEA
QC0171-C,QC0171-C.g182,Myanmar,WSEA
QC0172-C,QC0172-C.g29,Myanmar,WSEA
QC0173-C,QC0173-C.g40,Myanmar,WSEA
QC0175-C,QC0175-C.g732,Myanmar,WSEA
QC0177-C,QC0177-C.g179,Myanmar,WSEA
QC0180-C,QC0180-C.g866,Myanmar,WSEA
QC0181-Cx,QC0181-Cx.g447,Myanmar,WSEA
QC0182-C,QC0182-C.g349,Myanmar,WSEA
QC0183-C,QC0183-C.g248,Myanmar,WSEA
QC0187-C,QC0187-C.g357,Myanmar,WSEA
QC0188-C,QC0188-C.g176,Myanmar,WSEA
QC0188-C,QC0188-C.g201,Myanmar,WSEA
QC0189-C,QC0189-C.g363,Myanmar,WSEA
QC0193-C,QC0193-C.g83,Myanmar,WSEA
QC0195-C,QC0195-C.g235,Myanmar,WSEA
QC0196-C,QC0196-C.g260,Myanmar,WSEA
QC0201-C,QC0201-C.g217,Myanmar,WSEA
QC0204-C,QC0204-C.g175,Myanmar,WSEA
QC0205-C,QC0205-C.g54,Myanmar,WSEA
QC0206-C,QC0206-C.g319,Myanmar,WSEA
QC0206-C,QC0206-C.g379,Myanmar,WSEA
QC0207-C,QC0207-C.g379,Myanmar,WSEA
QC0209-C,QC0209-C.g1125,Myanmar,WSEA
QC0210-C,QC0210-C.g1156,Myanmar,WSEA
QC0210-C,QC0210-C.g377,Myanmar,WSEA
QC0211-C,QC0211-C.g361,Myanmar,WSEA
QC0213-C,QC0213-C.g179,Myanmar,WSEA
QC0214-C,QC0214-C.g231,Myanmar,WSEA
QC0215-C,QC0215-C.g303,Myanmar,WSEA
QC0219-C,QC0219-C.g620,Myanmar,WSEA
QC0221-C,QC0221-C.g964,Myanmar,WSEA
QC0222-C,QC0222-C.g200,Myanmar,WSEA
QC0223-C,QC0223-C.g17,Myanmar,WSEA
QC0230-C,QC0230-C.g100,Myanmar,WSEA
QC0232-C,QC0232-C.g238,Myanmar,WSEA
QC0233-C,QC0233-C.g1099,Myanmar,WSEA
QE0392-C,QE0392-C.g276,Laos,ESEA
QE0395-C,QE0395-C.g129,Laos,ESEA
QE0396-C,QE0396-C.g753,Laos,ESEA
QE0396-C,QE0396-C.g768,Laos,ESEA
QE0397-C,QE0397-C.g100,Laos,ESEA
QE0399-C,QE0399-C.g150,Laos,ESEA
QE0399-C,QE0399-C.g98,Laos,ESEA
QE0400-C,QE0400-C.g216,Laos,ESEA
QE0401-C,QE0401-C.g297,Laos,ESEA
QE0401-C,QE0401-C.g310,Laos,ESEA
QE0404-C,QE0404-C.g179,Laos,ESEA
QE0409-C,QE0409-C.g421,Laos,ESEA
QE0410-C,QE0410-C.g91,Laos,ESEA
QE0411-C,QE0411-C.g522,Laos,ESEA
QE0414-C,QE0414-C.g194,Laos,ESEA
QE0414-C,QE0414-C.g283,Laos,ESEA
QE0415-C,QE0415-C.g159,Laos,ESEA
QE0415-C,QE0415-C.g724,Laos,ESEA
QE0416-C,QE0416-C.g232,Laos,ESEA
QE0416-C,QE0416-C.g526,Laos,ESEA
QE0417-C,QE0417-C.g143,Laos,ESEA
QE0418-C,QE0418-C.g164,Laos,ESEA
QE0418-C,QE0418-C.g33,Laos,ESEA
QE0420-C,QE0420-C.g396,Laos,ESEA
QE0421-C,QE0421-C.g646,Laos,ESEA
QE0423-C,QE0423-C.g69,Laos,ESEA
QE0424-C,QE0424-C.g199,Laos,ESEA
QE0428-C,QE0428-C.g138,Laos,ESEA
QE0429-C,QE0429-C.g232,Laos,ESEA
QE0431-C,QE0431-C.g413,Laos,ESEA
QE0432-C,QE0432-C.g170,Laos,ESEA
QE0433-C,QE0433-C.g237,Laos,ESEA
QE0434-C,QE0434-C.g202,Laos,ESEA
QE0436-C,QE0436-C.g316,Laos,ESEA
QE0437-C,QE0437-C.g228,Laos,ESEA
QE0438-C,QE0438-C.g231,Laos,ESEA
QE0438-C,QE0438-C.g399,Laos,ESEA
QE0440-C,QE0440-C.g297,Laos,ESEA
QE0441-C,QE0441-C.g431,Laos,ESEA
QE0441-C,QE0441-C.g657,Laos,ESEA
QE0442-C,QE0442-C.g277,Laos,ESEA
QE0443-C,QE0443-C.g244,Laos,ESEA
QE0444-C,QE0444-C.g149,Laos,ESEA
QE0445-C,QE0445-C.g637,Laos,ESEA
QE0447-C,QE0447-C.g98,Laos,ESEA
QE0448-C,QE0448-C.g175,Laos,ESEA
QE0449-C,QE0449-C.g1036,Laos,ESEA
QE0454-C,QE0454-C.g134,Laos,ESEA
QE0455-C,QE0455-C.g312,Laos,ESEA
QE0456-C,QE0456-C.g174,Laos,ESEA
QE0460-C,QE0460-C.g270,Laos,ESEA
QE0461-C,QE0461-C.g204,Laos,ESEA
QE0461-C,QE0461-C.g232,Laos,ESEA
QE0463-C,QE0463-C.g233,Laos,ESEA
QE0464-C,QE0464-C.g335,Laos,ESEA
QE0465-C,QE0465-C.g118,Laos,ESEA
QE0465-C,QE0465-C.g99,Laos,ESEA
QE0466-C,QE0466-C.g73,Laos,ESEA
QE0467-C,QE0467-C.g160,Laos,ESEA
QE0468-C,QE0468-C.g256,Laos,ESEA
QE0470-C,QE0470-C.g152,Laos,ESEA
QE0471-C,QE0471-C.g294,Laos,ESEA
QE0472-C,QE0472-C.g979,Laos,ESEA
QE0474-C,QE0474-C.g42,Laos,ESEA
QE0478-C,QE0478-C.g186,Laos,ESEA
QE0479-C,QE0479-C.g667,Laos,ESEA
QE0483-C,QE0483-C.g51,Laos,ESEA
QG0007-C,QG0007-C.g63,Congo DR,CAF
QG0007-C,QG0007-C.g79,Congo DR,CAF
QG0008-C,QG0008-C.g562,Congo DR,CAF
QG0009-C,QG0009-C.g670,Congo DR,CAF
QG0009-C,QG0009-C.g918,Congo DR,CAF
QG0010-C,QG0010-C.g43,Congo DR,CAF
QG0011-C,QG0011-C.g572,Congo DR,CAF
QG0012-C,QG0012-C.g443,Congo DR,CAF
QG0013-C,QG0013-C.g357,Congo DR,CAF
QG0015-C,QG0015-C.g284,Congo DR,CAF
QG0019-C,QG0019-C.g572,Congo DR,CAF
QG0019-C,QG0019-C.g661,Congo DR,CAF
QG0024-C,QG0024-C.g189,Congo DR,CAF
QG0024-C,QG0024-C.g208,Congo DR,CAF
QG0025-C,QG0025-C.g4126,Congo DR,CAF
QG0026-C,QG0026-C.g3,Congo DR,CAF
QG0028-C,QG0028-C.g147,Congo DR,CAF
QG0028-C,QG0028-C.g149,Congo DR,CAF
QG0029-C,QG0029-C.g100,Congo DR,CAF
QG0031-C,QG0031-C.g153,Congo DR,CAF
QG0038-C,QG0038-C.g325,Congo DR,CAF
QG0039-C,QG0039-C.g4258,Congo DR,CAF
QG0041-C,QG0041-C.g4165,Congo DR,CAF
QG0046-C,QG0046-C.g8552,Congo DR,CAF
QG0047-C,QG0047-C.g450,Congo DR,CAF
QG0051-C,QG0051-C.g520,Congo DR,CAF
QG0053-C,QG0053-C.g1006,Congo DR,CAF
QG0056-C,QG0056-C.g164,Congo DR,CAF
QG0059-C,QG0059-C.g3585,Congo DR,CAF
QG0060-C,QG0060-C.g2673,Congo DR,CAF
QG0061-C,QG0061-C.g1703,Congo DR,CAF
QG0062-C,QG0062-C.g438,Congo DR,CAF
QG0064-C,QG0064-C.g2751,Congo DR,CAF
QG0067-C,QG0067-C.g330,Congo DR,CAF
QG0069-C,QG0069-C.g3863,Congo DR,CAF
QG0075-C,QG0075-C.g2575,Congo DR,CAF
QG0076-C,QG0076-C.g734,Congo DR,CAF
QG0083-C,QG0083-C.g690,Congo DR,CAF
QG0086-C,QG0086-C.g455,Congo DR,CAF
QG0106-C,QG0106-C.g428,Congo DR,CAF
QG0111-C,QG0111-C.g3019,Congo DR,CAF
QG0116-C,QG0116-C.g599,Congo DR,CAF
QG0121-C,QG0121-C.g3794,Congo DR,CAF
QG0125-C,QG0125-C.g3468,Congo DR,CAF
QG0134-C,QG0134-C.g51,Congo DR,CAF
QG0135-C,QG0135-C.g97,Congo DR,CAF
QG0138-C,QG0138-C.g1560,Congo DR,CAF
QG0139-C,QG0139-C.g3845,Congo DR,CAF
QG0145-C,QG0145-C.g217,Congo DR,CAF
QG0146-C,QG0146-C.g12,Congo DR,CAF
QG0153-C,QG0153-C.g4321,Congo DR,CAF
QG0154-C,QG0154-C.g3419,Congo DR,CAF
QG0154-C,QG0154-C.g3511,Congo DR,CAF
QG0155-C,QG0155-C.g2378,Congo DR,CAF
QG0155-C,QG0155-C.g4581,Congo DR,CAF
QG0156-C,QG0156-C.g7465,Congo DR,CAF
QG0157-C,QG0157-C.g2280,Congo DR,CAF
QG0159-C,QG0159-C.g2267,Congo DR,CAF
QG0161-C,QG0161-C.g1037,Congo DR,CAF
QG0162-C,QG0162-C.g258,Congo DR,CAF
QG0164-C,QG0164-C.g258,Congo DR,CAF
QG0167-C,QG0167-C.g103,Congo DR,CAF
QG0169-C,QG0169-C.g4452,Congo DR,CAF
QG0172-C,QG0172-C.g498,Congo DR,CAF
QG0172-C,QG0172-C.g510,Congo DR,CAF
QG0179-C,QG0179-C.g83,Congo DR,CAF
QG0183-C,QG0183-C.g426,Congo DR,CAF
QG0184-C,QG0184-C.g957,Congo DR,CAF
QG0186-C,QG0186-C.g541,Congo DR,CAF
QG0188-C,QG0188-C.g1551,Congo DR,CAF
QG0190-C,QG0190-C.g57,Congo DR,CAF
QG0195-C,QG0195-C.g42,Congo DR,CAF
QG0200-C,QG0200-C.g103,Congo DR,CAF
QG0201-C,QG0201-C.g114,Congo DR,CAF
QG0202-C,QG0202-C.g1113,Congo DR,CAF
QG0205-C,QG0205-C.g138,Congo DR,CAF
QG0208-C,QG0208-C.g1155,Congo DR,CAF
QG0209-C,QG0209-C.g178,Congo DR,CAF
QG0212-C,QG0212-C.g1028,Congo DR,CAF
QG0213-C,QG0213-C.g703,Congo DR,CAF
QG0216-C,QG0216-C.g324,Congo DR,CAF
QG0217-C,QG0217-C.g2672,Congo DR,CAF
QG0217-C,QG0217-C.g2908,Congo DR,CAF
QG0236-C,QG0236-C.g2305,Congo DR,CAF
QG0243-C,QG0243-C.g1061,Congo DR,CAF
QG0243-C,QG0243-C.g1764,Congo DR,CAF
QG0246-C,QG0246-C.g2420,Congo DR,CAF
QG0246-C,QG0246-C.g2436,Congo DR,CAF
QG0247-C,QG0247-C.g1992,Congo DR,CAF
QG0249-C,QG0249-C.g418,Congo DR,CAF
QG0250-C,QG0250-C.g603,Congo DR,CAF
QG0252-C,QG0252-C.g2509,Congo DR,CAF
QG0252-C,QG0252-C.g3102,Congo DR,CAF
QG0253-C,QG0253-C.g2173,Congo DR,CAF
QG0255-C,QG0255-C.g4937,Congo DR,CAF
QG0256-C,QG0256-C.g2759,Congo DR,CAF
QG0258-C,QG0258-C.g1158,Congo DR,CAF
QG0259-C,QG0259-C.g144,Congo DR,CAF
QG0259-C,QG0259-C.g274,Congo DR,CAF
QG0271-C,QG0271-C.g247,Congo DR,CAF
QG0273-C,QG0273-C.g343,Congo DR,CAF
QG0275-C,QG0275-C.g1098,Congo DR,CAF
QG0276-C,QG0276-C.g150,Congo DR,CAF
QG0281-C,QG0281-C.g913,Congo DR,CAF
QG0282-C,QG0282-C.g1347,Congo DR,CAF
QG0286-C,QG0286-C.g2923,Congo DR,CAF
QG0287-C,QG0287-C.g6820,Congo DR,CAF
QG0291-C,QG0291-C.g1829,Congo DR,CAF
QG0296-C,QG0296-C.g2732,Congo DR,CAF
QG0296-C,QG0296-C.g3159,Congo DR,CAF
QJ0002-C,QJ0002-C.g1324,Nigeria,WAF
QM0005-C,QM0005-C.g384,Madagascar,EAF
QM0005-C,QM0005-C.g400,Madagascar,EAF
QM0005-C,QM0005-C.g418,Madagascar,EAF
QM0006-C,QM0006-C.g137,Madagascar,EAF
QM0007-C,QM0007-C.g277,Madagascar,EAF
QM0008-C,QM0008-C.g351,Madagascar,EAF
QM0009-C,QM0009-C.g154,Madagascar,EAF
QM0011-C,QM0011-C.g307,Madagascar,EAF
QM0012-C,QM0012-C.g237,Madagascar,EAF
QM0013-C,QM0013-C.g242,Madagascar,EAF
QM0020-C,QM0020-C.g675,Madagascar,EAF
QM0020-C,QM0020-C.g837,Madagascar,EAF
QM0027-C,QM0027-C.g258,Madagascar,EAF
QM0030-C,QM0030-C.g360,Madagascar,EAF
QM0030-C,QM0030-C.g388,Madagascar,EAF
QM0035-C,QM0035-C.g649,Madagascar,EAF
QP0001-C,QP0001-C.g193,Cameroon,WAF
QP0002-C,QP0002-C.g4628,Cameroon,WAF
QP0003-C,QP0003-C.g729,Cameroon,WAF
QP0012-C,QP0012-C.g105,Cameroon,WAF
QP0017-C,QP0017-C.g146,Cameroon,WAF
QP0017-C,QP0017-C.g230,Cameroon,WAF
QP0019-C,QP0019-C.g199,Cameroon,WAF
QP0022-C,QP0022-C.g743,Cameroon,WAF
QP0028-C,QP0028-C.g340,Cameroon,WAF
QP0028-C,QP0028-C.g376,Cameroon,WAF
QP0031-C,QP0031-C.g764,Cameroon,WAF
QP0034-C,QP0034-C.g330,Cameroon,WAF
QP0038-C,QP0038-C.g186,Cameroon,WAF
QP0040-C,QP0040-C.g417,Cameroon,WAF
QP0042-C,QP0042-C.g53,Cameroon,WAF
QP0043-C,QP0043-C.g124,Cameroon,WAF
QP0047-C,QP0047-C.g420,Cameroon,WAF
QP0055-C,QP0055-C.g757,Cameroon,WAF
QP0057-C,QP0057-C.g304,Cameroon,WAF
QP0061-C,QP0061-C.g120,Cameroon,WAF
QP0061-C,QP0061-C.g132,Cameroon,WAF
QP0068-C,QP0068-C.g81,Cameroon,WAF
QP0069-C,QP0069-C.g131,Cameroon,WAF
QP0071-C,QP0071-C.g111,Cameroon,WAF
QP0073-C,QP0073-C.g243,Cameroon,WAF
QP0076-C,QP0076-C.g66,Cameroon,WAF
QP0080-C,QP0080-C.g329,Cameroon,WAF
QP0091-C,QP0091-C.g13780,Cameroon,WAF
QP0094-C,QP0094-C.g8284,Cameroon,WAF
QP0094-C,QP0094-C.g8417,Cameroon,WAF
QP0094-C,QP0094-C.g9325,Cameroon,WAF
QP0099-C,QP0099-C.g193,Cameroon,WAF
QP0103-C,QP0103-C.g94,Cameroon,WAF
QP0108-C,QP0108-C.g702,Cameroon,WAF
QP0110-C,QP0110-C.g203,Cameroon,WAF
QP0111-C,QP0111-C.g892,Cameroon,WAF
QP0113-C,QP0113-C.g177,Cameroon,WAF
QP0114-C,QP0114-C.g72,Cameroon,WAF
QP0115-C,QP0115-C.g46,Cameroon,WAF
QP0118-C,QP0118-C.g177,Cameroon,WAF
QP0123-C,QP0123-C.g217,Cameroon,WAF
QP0124-C,QP0124-C.g24,Cameroon,WAF
QP0125-C,QP0125-C.g651,Cameroon,WAF
QP0128-C,QP0128-C.g41,Cameroon,WAF
QP0131-C,QP0131-C.g472,Cameroon,WAF
QP0153-C,QP0153-C.g2663,Cameroon,WAF
QP0156-C,QP0156-C.g441,Cameroon,WAF
QP0158-C,QP0158-C.g3823,Cameroon,WAF
QP0168-C,QP0168-C.g236,Cameroon,WAF
QP0170-C,QP0170-C.g457,Cameroon,WAF
QP0174-C,QP0174-C.g79,Cameroon,WAF
QP0178-C,QP0178-C.g312,Cameroon,WAF
QP0186-C,QP0186-C.g19436,Cameroon,WAF
QP0195-C,QP0195-C.g72,Cameroon,WAF
QP0196-C,QP0196-C.g1617,Cameroon,WAF
QP0199-C,QP0199-C.g2257,Cameroon,WAF
QP0212-C,QP0212-C.g5366,Cameroon,WAF
QP0226-C,QP0226-C.g225,Cameroon,WAF
QP0231-C,QP0231-C.g131,Cameroon,WAF
QP0238-C,QP0238-C.g351,Cameroon,WAF
QP0241-C,QP0241-C.g422,Cameroon,WAF
QP0241-C,QP0241-C.g460,Cameroon,WAF
QP0243-C,QP0243-C.g287,Cameroon,WAF
SenP051.02,SenP051.02.g44,Senegal,WAF
SenT001.11,SenT001.11.g1610,Senegal,WAF
SenT002.07,SenT002.07.g1926,Senegal,WAF
SenT013.11,SenT013.11.g811,Senegal,WAF
SenT015.11,SenT015.11.g821,Senegal,WAF
SenT022.11,SenT022.11.g763,Senegal,WAF
SenT045.11,SenT045.11.g358,Senegal,WAF
SenT052.11,SenT052.11.g170,Senegal,WAF
SenT053.11,SenT053.11.g521,Senegal,WAF
SenT055.11,SenT055.11.g507,Senegal,WAF
SenT058.11,SenT058.11.g23,Senegal,WAF
SenT072.11,SenT072.11.g789,Senegal,WAF
SenT077.11,SenT077.11.g109,Senegal,WAF
SenT077.11,SenT077.11.g122,Senegal,WAF
SenT092.08,SenT092.08.g2190,Senegal,WAF
SenT105.07,SenT105.07.g387,Senegal,WAF
SenT113.09,SenT113.09.g112,Senegal,WAF
SenT113.09,SenT113.09.g19,Senegal,WAF
SenT120.11,SenT120.11.g794,Senegal,WAF
SenT129.11,SenT129.11.g1161,Senegal,WAF
SenT130.09,SenT130.09.g383,Senegal,WAF
SenT133.11,SenT133.11.g950,Senegal,WAF
SenT136.09,SenT136.09.g1103,Senegal,WAF
SenT139.11,SenT139.11.g775,Senegal,WAF
SenT142.11,SenT142.11.g817,Senegal,WAF
SenT151.08,SenT151.08.g523,Senegal,WAF
SenT165.09,SenT165.09.g650,Senegal,WAF
SenT184.09,SenT184.09.g329,Senegal,WAF
SenT187.09,SenT187.09.g216,Senegal,WAF
SenT230.08,SenT230.08.g702,Senegal,WAF
SenT231.08,SenT231.08.g419,Senegal,WAF
SenT232.08,SenT232.08.g426,Senegal,WAF
SenT233.08,SenT233.08.g1006,Senegal,WAF
SenV042.05,SenV042.05.g45,Senegal,WAF
SenV092.05,SenV092.05.g41,Senegal,WAF
