,sequence,count,filename,sequence_id,Sample_ID,Genome,Study,Country,Region,Year,Accession,Database,Continent,updated_arc,updated_Subtype
0,GSQPSKPSKPSVDTNESEKSARNVLEKIGKHIKDEINKKKNNTNKLKGTLSSARFLDGLHKAANGGIKHGPGDSCKLSHKFHTNINNGTNHGRNPCDLRNQNRFSENAEAYCNSDKIRDYRIKSAGGACVPFRRQNLCDKNLEYLINKNTENTHDLLGNVLVTAKYEGESIVRNHPNRGSSEVCIALARSFADIGDIIRGKDMFKRNDQDDVEKGLKIVFEKIYNKLETQEKNYYNNTGNNVNYAKLREDWWTINRDQVWRAITCYIPYYVNYFKNISEKSRNFTDDGKCGHYEGAPPTNLDYVPQFLRWFDEWADDFCRIRNHKLRKIKDACRNDKERLYCSQNGYDCTKGIEKGDSCSRESKCTGCSNKCVDYDFWLEKQQNEFNMQKDKYDNEIKTYVNNNGIPNSNINTEYYKTFYEEFKKKQYGSVKNFLQLLNNGRYCKTENTEDAIDFTKTGNKHAFYRSKYCQPC,8,normalised.fulldataset.all_DC8_sequences_domains_subclasses.fasta,PH0585-C.g237_1-474_DBLa1.2_,PH0585-C.g237,PH0585-C,1052-PF-TRAC-WHITE,Cambodia,Preah Vihear,2011.0,ERR123843,varDB,Asia,DBLa1.2-CIDRa1.1-DBLb12-DBLg4-DBLd1-CIDRb1,DBLa1.2-CIDRa1.1 head structure with DBLg4
1,GSQPSKPSKPSVDTNESEKSARNVLEKIGKHIKDEINKKKNNTNKLKGTLSSARFLDGLHKAANGGIKHGPGDSCKLSHKFHTNINNGTNHGRNPCDLRNQNRFSENAEAYCNSDKIRDYRIKSAGGACVPFRRQNLCDKNLEYLINKNTENTHDLLGNVLVTAKYEGESIVRNHPNRGSSEVCIALARSFADIGDIIRGKDMFKRNDQDDVEKGLKIVFEKIYNKLETQEKNYYNNTGNNVNYAKLREDWWTINRDQVWRAITCYIPYYVNYFKNISEKSRNFTDDGKCGHYEGAPPTNLDYVPQFLRWFDEWADDFCRIRNHKLRKIKDACRNDKERLYCSQNGYDCTKGIEKGDSCSRESKCTGCSNKCVDYDFWLEKQQNEFNMQKDKYDNEIKTYVNNNGIPNSNINTEYYKTFYEEFKKKQYGSVKNFLQLLNNGRYCKTENTEDAIDFTKTGNKHAFYRSKYCQPC,8,normalised.fulldataset.all_DC8_sequences_domains_subclasses.fasta,PH0604-C.g503_1-474_DBLa1.2_,PH0604-C.g503,PH0604-C,1052-PF-TRAC-WHITE,Cambodia,Preah Vihear,2011.0,ERR114348,varDB,Asia,DBLa1.2-CIDRa1.1-DBLb12-DBLg4-DBLd1-CIDRb1,DBLa1.2-CIDRa1.1 head structure with DBLg4
2,GSQPSKPSKPSVDTNESEKSARNVLEKIGKHIKDEINKKKNNTNKLKGTLSSARFLDGLHKAANGGIKHGPGDSCKLSHKFHTNINNGTNHGRNPCDLRNQNRFSENAEAYCNSDKIRDYRIKSAGGACVPFRRQNLCDKNLEYLINKNTENTHDLLGNVLVTAKYEGESIVRNHPNRGSSEVCIALARSFADIGDIIRGKDMFKRNDQDDVEKGLKIVFEKIYNKLETQEKNYYNNTGNNVNYAKLREDWWTINRDQVWRAITCYIPYYVNYFKNISEKSRNFTDDGKCGHYEGAPPTNLDYVPQFLRWFDEWADDFCRIRNHKLRKIKDACRNDKERLYCSQNGYDCTKGIEKGDSCSRESKCTGCSNKCVDYDFWLEKQQNEFNMQKDKYDNEIKTYVNNNGIPNSNINTEYYKTFYEEFKKKQYGSVKNFLQLLNNGRYCKTENTEDAIDFTKTGNKHAFYRSKYCQPC,8,normalised.fulldataset.all_DC8_sequences_domains_subclasses.fasta,PH0713-C.g185_1-474_DBLa1.2_,PH0713-C.g185,PH0713-C,1052-PF-TRAC-WHITE,Cambodia,Pursat,2011.0,ERR205969,varDB,Asia,DBLa1.2-CIDRa1.1-DBLb12-DBLg4-DBLd1-CIDRb1,DBLa1.2-CIDRa1.1 head structure with DBLg4
3,GSQPSKPSKPSVDTNESEKSARNVLEKIGKHIKDEINKKKNNTNKLKGTLSSARFLDGLHKAANGGIKHGPGDSCKLSHKFHTNINNGTNHGRNPCDLRNQNRFSENAEAYCNSDKIRDYRIKSAGGACVPFRRQNLCDKNLEYLINKNTENTHDLLGNVLVTAKYEGESIVRNHPNRGSSEVCIALARSFADIGDIIRGKDMFKRNDQDDVEKGLKIVFEKIYNKLETQEKNYYNNTGNNVNYAKLREDWWTINRDQVWRAITCYIPYYVNYFKNISEKSRNFTDDGKCGHYEGAPPTNLDYVPQFLRWFDEWADDFCRIRNHKLRKIKDACRNDKERLYCSQNGYDCTKGIEKGDSCSRESKCTGCSNKCVDYDFWLEKQQNEFNMQKDKYDNEIKTYVNNNGIPNSNINTEYYKTFYEEFKKKQYGSVKNFLQLLNNGRYCKTENTEDAIDFTKTGNKHAFYRSKYCQPC,8,normalised.fulldataset.all_DC8_sequences_domains_subclasses.fasta,PH0732-C.g33_1-474_DBLa1.2_,PH0732-C.g33,PH0732-C,1052-PF-TRAC-WHITE,Cambodia,Preah Vihear,2011.0,ERR171600,varDB,Asia,DBLa1.2-CIDRa1.1-DBLb12-DBLg4-DBLd1-CIDRb1,DBLa1.2-CIDRa1.1 head structure with DBLg4
4,GSQPSKPSKPSVDTNESEKSARNVLEKIGKHIKDEINKKKNNTNKLKGTLSSARFLDGLHKAANGGIKHGPGDSCKLSHKFHTNINNGTNHGRNPCDLRNQNRFSENAEAYCNSDKIRDYRIKSAGGACVPFRRQNLCDKNLEYLINKNTENTHDLLGNVLVTAKYEGESIVRNHPNRGSSEVCIALARSFADIGDIIRGKDMFKRNDQDDVEKGLKIVFEKIYNKLETQEKNYYNNTGNNVNYAKLREDWWTINRDQVWRAITCYIPYYVNYFKNISEKSRNFTDDGKCGHYEGAPPTNLDYVPQFLRWFDEWADDFCRIRNHKLRKIKDACRNDKERLYCSQNGYDCTKGIEKGDSCSRESKCTGCSNKCVDYDFWLEKQQNEFNMQKDKYDNEIKTYVNNNGIPNSNINTEYYKTFYEEFKKKQYGSVKNFLQLLNNGRYCKTENTEDAIDFTKTGNKHAFYRSKYCQPC,8,normalised.fulldataset.all_DC8_sequences_domains_subclasses.fasta,PH0739-C.g152_1-474_DBLa1.2_,PH0739-C.g152,PH0739-C,1052-PF-TRAC-WHITE,Cambodia,Preah Vihear,2011.0,ERR171606,varDB,Asia,DBLa1.2-CIDRa1.1-DBLb12-DBLg4-DBLd1-CIDRb1,DBLa1.2-CIDRa1.1 head structure with DBLg4
5,GSQPSKPSKPSVDTNESEKSARNVLEKIGKHIKDEINKKKNNTNKLKGTLSSARFLDGLHKAANGGIKHGPGDSCKLSHKFHTNINNGTNHGRNPCDLRNQNRFSENAEAYCNSDKIRDYRIKSAGGACVPFRRQNLCDKNLEYLINKNTENTHDLLGNVLVTAKYEGESIVRNHPNRGSSEVCIALARSFADIGDIIRGKDMFKRNDQDDVEKGLKIVFEKIYNKLETQEKNYYNNTGNNVNYAKLREDWWTINRDQVWRAITCYIPYYVNYFKNISEKSRNFTDDGKCGHYEGAPPTNLDYVPQFLRWFDEWADDFCRIRNHKLRKIKDACRNDKERLYCSQNGYDCTKGIEKGDSCSRESKCTGCSNKCVDYDFWLEKQQNEFNMQKDKYDNEIKTYVNNNGIPNSNINTEYYKTFYEEFKKKQYGSVKNFLQLLNNGRYCKTENTEDAIDFTKTGNKHAFYRSKYCQPC,8,normalised.fulldataset.all_DC8_sequences_domains_subclasses.fasta,PH0759-C.g837_1-474_DBLa1.2_,PH0759-C.g837,PH0759-C,1052-PF-TRAC-WHITE,Cambodia,Preah Vihear,2011.0,ERR171650,varDB,Asia,DBLa1.2-CIDRa1.1-DBLb12-DBLg4-DBLd1-CIDRb1,DBLa1.2-CIDRa1.1 head structure with DBLg4
6,GSQPSKPSKPSVDTNESEKSARNVLEKIGKHIKDEINKKKNNTNKLKGTLSSARFLDGLHKAANGGIKHGPGDSCKLSHKFHTNINNGTNHGRNPCDLRNQNRFSENAEAYCNSDKIRDYRIKSAGGACVPFRRQNLCDKNLEYLINKNTENTHDLLGNVLVTAKYEGESIVRNHPNRGSSEVCIALARSFADIGDIIRGKDMFKRNDQDDVEKGLKIVFEKIYNKLETQEKNYYNNTGNNVNYAKLREDWWTINRDQVWRAITCYIPYYVNYFKNISEKSRNFTDDGKCGHYEGAPPTNLDYVPQFLRWFDEWADDFCRIRNHKLRKIKDACRNDKERLYCSQNGYDCTKGIEKGDSCSRESKCTGCSNKCVDYDFWLEKQQNEFNMQKDKYDNEIKTYVNNNGIPNSNINTEYYKTFYEEFKKKQYGSVKNFLQLLNNGRYCKTENTEDAIDFTKTGNKHAFYRSKYCQPC,8,normalised.fulldataset.all_DC8_sequences_domains_subclasses.fasta,PH0925-C.g348_1-474_DBLa1.2_,PH0925-C.g348,PH0925-C,1052-PF-TRAC-WHITE,Cambodia,Preah Vihear,2012.0,ERR235930,varDB,Asia,DBLa1.2-CIDRa1.1-DBLb12-DBLg4-DBLd1-CIDRb1,DBLa1.2-CIDRa1.1 head structure with DBLg4
7,GSQPSKPSKPSVDTNESEKSARNVLEKIGKHIKDEINKKKNNTNKLKGTLSSARFLDGLHKAANGGIKHGPGDSCKLSHKFHTNINNGTNHGRNPCDLRNQNRFSENAEAYCNSDKIRDYRIKSAGGACVPFRRQNLCDKNLEYLINKNTENTHDLLGNVLVTAKYEGESIVRNHPNRGSSEVCIALARSFADIGDIIRGKDMFKRNDQDDVEKGLKIVFEKIYNKLETQEKNYYNNTGNNVNYAKLREDWWTINRDQVWRAITCYIPYYVNYFKNISEKSRNFTDDGKCGHYEGAPPTNLDYVPQFLRWFDEWADDFCRIRNHKLRKIKDACRNDKERLYCSQNGYDCTKGIEKGDSCSRESKCTGCSNKCVDYDFWLEKQQNEFNMQKDKYDNEIKTYVNNNGIPNSNINTEYYKTFYEEFKKKQYGSVKNFLQLLNNGRYCKTENTEDAIDFTKTGNKHAFYRSKYCQPC,8,normalised.fulldataset.all_DC8_sequences_domains_subclasses.fasta,PH0979-C.g311_1-474_DBLa1.2_,PH0979-C.g311,PH0979-C,1052-PF-TRAC-WHITE,Cambodia,Preah Vihear,2012.0,ERR337592,varDB,Asia,DBLa1.2-CIDRa1.1-DBLb12-DBLg4-DBLd1-CIDRb1,DBLa1.2-CIDRa1.1 head structure with DBLg4
8,GSQSSKSSQPSVVTNESEKSARNVLEKIGLEIYNKEIEKMIPHKDQLIGTLSRARFHDGLHKAARLAVRTGYNDSCGLHHKFHTNINNGTNHGRNPCDLRNQNRFSENAEAYCNSDKIRDYRIKSAGGACVPFRRQNLCDKNLEYLINKNTENTHDLLGNVLVTAKYEGESIVRNHPNRGSSEVCIALARSFADIGDIIRGKDMFKRNDQDDVEKGLKIVFEKIYNKLETQEKNYYNNTGNNVNYAKLREDWWTINRDQVWRAITCYIPYYVNYFKNISEKSRNFTDDGKCGHYEGAPPTNLDYVPQFLRWFDEWADDFCRIRNHKLRKIKDACRNDKERLYCSQNGYDCTKGIEKGDSCSRESKCTGCSNKCVDYDFWLEKQQNEFNMQKDKYDNEIKTYVNNNGIPNSNINTEYYKTFYEEFKKKQYGSVKNFLQLLNNGRYCQEKIEKEEIDFIKGVEKTFYRSEYCQPC,6,normalised.fulldataset.all_DC8_sequences_domains_subclasses.fasta,PH0347-C.g83_1-474_DBLa1.2_,PH0347-C.g83,PH0347-C,1044-PF-KH-FAIRHURST,Cambodia,Ratanakiri,2010.0,ERR039197,varDB,Asia,DBLa1.2-CIDRa1.1-DBLb12-DBLg6-DBLg11-DBLd1-CIDRb1,DBLa1.2-CIDRa1.1 head structure with DBLg6
9,GSQSSKSSQPSVVTNESEKSARNVLEKIGLEIYNKEIEKMIPHKDQLIGTLSRARFHDGLHKAARLAVRTGYNDSCGLHHKFHTNINNGTNHGRNPCDLRNQNRFSENAEAYCNSDKIRDYRIKSAGGACVPFRRQNLCDKNLEYLINKNTENTHDLLGNVLVTAKYEGESIVRNHPNRGSSEVCIALARSFADIGDIIRGKDMFKRNDQDDVEKGLKIVFEKIYNKLETQEKNYYNNTGNNVNYAKLREDWWTINRDQVWRAITCYIPYYVNYFKNISEKSRNFTDDGKCGHYEGAPPTNLDYVPQFLRWFDEWADDFCRIRNHKLRKIKDACRNDKERLYCSQNGYDCTKGIEKGDSCSRESKCTGCSNKCVDYDFWLEKQQNEFNMQKDKYDNEIKTYVNNNGIPNSNINTEYYKTFYEEFKKKQYGSVKNFLQLLNNGRYCQEKIEKEEIDFIKGVEKTFYRSEYCQPC,6,normalised.fulldataset.all_DC8_sequences_domains_subclasses.fasta,PH0358-C.g41_1-474_DBLa1.2_,PH0358-C.g41,PH0358-C,1044-PF-KH-FAIRHURST,Cambodia,Ratanakiri,2010.0,ERR039208,varDB,Asia,DBLa1.2-CIDRa1.1-DBLb12-DBLg6-DBLg11-DBLd1-CIDRb1,DBLa1.2-CIDRa1.1 head structure with DBLg6
10,GSQSSKSSQPSVVTNESEKSARNVLEKIGLEIYNKEIEKMIPHKDQLIGTLSRARFHDGLHKAARLAVRTGYNDSCGLHHKFHTNINNGTNHGRNPCDLRNQNRFSENAEAYCNSDKIRDYRIKSAGGACVPFRRQNLCDKNLEYLINKNTENTHDLLGNVLVTAKYEGESIVRNHPNRGSSEVCIALARSFADIGDIIRGKDMFKRNDQDDVEKGLKIVFEKIYNKLETQEKNYYNNTGNNVNYAKLREDWWTINRDQVWRAITCYIPYYVNYFKNISEKSRNFTDDGKCGHYEGAPPTNLDYVPQFLRWFDEWADDFCRIRNHKLRKIKDACRNDKERLYCSQNGYDCTKGIEKGDSCSRESKCTGCSNKCVDYDFWLEKQQNEFNMQKDKYDNEIKTYVNNNGIPNSNINTEYYKTFYEEFKKKQYGSVKNFLQLLNNGRYCQEKIEKEEIDFIKGVEKTFYRSEYCQPC,6,normalised.fulldataset.all_DC8_sequences_domains_subclasses.fasta,PH0625-C.g38_1-474_DBLa1.2_,PH0625-C.g38,PH0625-C,1052-PF-TRAC-WHITE,Cambodia,Ratanakiri,2011.0,ERR123878,varDB,Asia,DBLa1.2-CIDRa1.1-DBLb12-DBLg6-DBLg11-DBLd1-CIDRb1,DBLa1.2-CIDRa1.1 head structure with DBLg6
11,GSQSSKSSQPSVVTNESEKSARNVLEKIGLEIYNKEIEKMIPHKDQLIGTLSRARFHDGLHKAARLAVRTGYNDSCGLHHKFHTNINNGTNHGRNPCDLRNQNRFSENAEAYCNSDKIRDYRIKSAGGACVPFRRQNLCDKNLEYLINKNTENTHDLLGNVLVTAKYEGESIVRNHPNRGSSEVCIALARSFADIGDIIRGKDMFKRNDQDDVEKGLKIVFEKIYNKLETQEKNYYNNTGNNVNYAKLREDWWTINRDQVWRAITCYIPYYVNYFKNISEKSRNFTDDGKCGHYEGAPPTNLDYVPQFLRWFDEWADDFCRIRNHKLRKIKDACRNDKERLYCSQNGYDCTKGIEKGDSCSRESKCTGCSNKCVDYDFWLEKQQNEFNMQKDKYDNEIKTYVNNNGIPNSNINTEYYKTFYEEFKKKQYGSVKNFLQLLNNGRYCQEKIEKEEIDFIKGVEKTFYRSEYCQPC,6,normalised.fulldataset.all_DC8_sequences_domains_subclasses.fasta,PH0631-C.g111_1-474_DBLa1.2_,PH0631-C.g111,PH0631-C,1052-PF-TRAC-WHITE,Cambodia,Ratanakiri,2011.0,ERR123883,varDB,Asia,DBLa1.2-CIDRa1.1-DBLb12-DBLg6-DBLg11-DBLd1-CIDRb1,DBLa1.2-CIDRa1.1 head structure with DBLg6
12,GSQSSKSSQPSVVTNESEKSARNVLEKIGLEIYNKEIEKMIPHKDQLIGTLSRARFHDGLHKAARLAVRTGYNDSCGLHHKFHTNINNGTNHGRNPCDLRNQNRFSENAEAYCNSDKIRDYRIKSAGGACVPFRRQNLCDKNLEYLINKNTENTHDLLGNVLVTAKYEGESIVRNHPNRGSSEVCIALARSFADIGDIIRGKDMFKRNDQDDVEKGLKIVFEKIYNKLETQEKNYYNNTGNNVNYAKLREDWWTINRDQVWRAITCYIPYYVNYFKNISEKSRNFTDDGKCGHYEGAPPTNLDYVPQFLRWFDEWADDFCRIRNHKLRKIKDACRNDKERLYCSQNGYDCTKGIEKGDSCSRESKCTGCSNKCVDYDFWLEKQQNEFNMQKDKYDNEIKTYVNNNGIPNSNINTEYYKTFYEEFKKKQYGSVKNFLQLLNNGRYCQEKIEKEEIDFIKGVEKTFYRSEYCQPC,6,normalised.fulldataset.all_DC8_sequences_domains_subclasses.fasta,PH0647-C.g15_1-474_DBLa1.2_,PH0647-C.g15,PH0647-C,1052-PF-TRAC-WHITE,Cambodia,Ratanakiri,2011.0,ERR123895,varDB,Asia,DBLa1.2-CIDRa1.1-DBLb12-DBLg6-DBLg11-DBLd1-CIDRb1,DBLa1.2-CIDRa1.1 head structure with DBLg6
13,GSQSSKSSQPSVVTNESEKSARNVLEKIGLEIYNKEIEKMIPHKDQLIGTLSRARFHDGLHKAARLAVRTGYNDSCGLHHKFHTNINNGTNHGRNPCDLRNQNRFSENAEAYCNSDKIRDYRIKSAGGACVPFRRQNLCDKNLEYLINKNTENTHDLLGNVLVTAKYEGESIVRNHPNRGSSEVCIALARSFADIGDIIRGKDMFKRNDQDDVEKGLKIVFEKIYNKLETQEKNYYNNTGNNVNYAKLREDWWTINRDQVWRAITCYIPYYVNYFKNISEKSRNFTDDGKCGHYEGAPPTNLDYVPQFLRWFDEWADDFCRIRNHKLRKIKDACRNDKERLYCSQNGYDCTKGIEKGDSCSRESKCTGCSNKCVDYDFWLEKQQNEFNMQKDKYDNEIKTYVNNNGIPNSNINTEYYKTFYEEFKKKQYGSVKNFLQLLNNGRYCQEKIEKEEIDFIKGVEKTFYRSEYCQPC,6,normalised.fulldataset.all_DC8_sequences_domains_subclasses.fasta,PH0788-C.g745_1-474_DBLa1.2_,PH0788-C.g745,PH0788-C,1052-PF-TRAC-WHITE,Cambodia,Ratanakiri,2011.0,ERR171654,varDB,Asia,DBLa1.2-CIDRa1.1-DBLb12-DBLg6,DBLa1.2-CIDRa1.1 head structure with DBLg6
14,GSQPSKPSKPSVDTNESEKSARNVLEKIGKHIKDEINKKKNNTNKLKGTLSSARFLDGLHKAADGGIKHGPGDSCKLSHKFHTNINNGTNHGRNPCDLRNQNRFSENAEAYCNSDKIRDYRIKSAGGACVPFRRQNLCDKNLEYLINKNTENTHDLLGNVLVTAKYEGESIVRNHPNRGSSEVCIALARSFADIGDIIRGKDMFKRNDQDDVEKGLKIVFEKIYNKLETQEKNYYNNTGNNVNYAKLREDWWTINRDQVWRAITCYIPYYVNYFKNISEKSRNFTDDGKCGHYEGAPPTNLDYVPQFLRWFDEWADDFCRIRNHKLRKIKDACRNDKERLYCSQNGYDCTKGIEKGDSCSRESKCTGCSNKCVDYDFWLEKQQNEFNMQKDKYDNEIKTYVNNNGIPNSNINTEYYKTFYEEFKKKQYGSVKNFLQLLNNGRYCQEKIEKEEIDFIKGVEKTFYRSEYCQPC,6,normalised.fulldataset.all_DC8_sequences_domains_subclasses.fasta,PD0468-C.g496_1-473_DBLa1.2_,PD0468-C.g496,PD0468-C,1052-PF-TRAC-WHITE,Thailand,Tak,2011.0,ERR205973,varDB,Asia,DBLa1.2-CIDRa1.1-DBLb12-DBLg6-DBLg11-DBLd1-CIDRb1,DBLa1.2-CIDRa1.1 head structure with DBLg6
15,GSQPSKPSKPSVDTNESEKSARNVLEKIGKHIKDEINKKKNNTNKLKGTLSSARFLDGLHKAADGGIKHGPGDSCKLSHKFHTNINNGTNHGRNPCDLRNQNRFSENAEAYCNSDKIRDYRIKSAGGACVPFRRQNLCDKNLEYLINKNTENTHDLLGNVLVTAKYEGESIVRNHPNRGSSEVCIALARSFADIGDIIRGKDMFKRNDQDDVEKGLKIVFEKIYNKLETQEKNYYNNTGNNVNYAKLREDWWTINRDQVWRAITCYIPYYVNYFKNISEKSRNFTDDGKCGHYEGAPPTNLDYVPQFLRWFDEWADDFCRIRNHKLRKIKDACRNDKERLYCSQNGYDCTKGIEKGDSCSRESKCTGCSNKCVDYDFWLEKQQNEFNMQKDKYDNEIKTYVNNNGIPNSNINTEYYKTFYEEFKKKQYGSVKNFLQLLNNGRYCQEKIEKEEIDFIKGVEKTFYRSEYCQPC,6,normalised.fulldataset.all_DC8_sequences_domains_subclasses.fasta,PV0098-C.g22_1-473_DBLa1.2_,PV0098-C.g22,PV0098-C,1008-PF-SEA-RINGWALD,Vietnam,Binh Phuoc,2010.0,ERR126447,varDB,Asia,DBLa1.2-CIDRa1.1-DBLb12-DBLg6-DBLg11-DBLd1-CIDRb1,DBLa1.2-CIDRa1.1 head structure with DBLg6
16,GSQPSKPSKPSVDTNESEKSARNVLEKIGKHIKDEINKKKNNTNKLKGTLSSARFLDGLHKAADGGIKHGPGDSCKLSHKFHTNINNGTNHGRNPCDLRNQNRFSENAEAYCNSDKIRDYRIKSAGGACVPFRRQNLCDKNLEYLINKNTENTHDLLGNVLVTAKYEGESIVRNHPNRGSSEVCIALARSFADIGDIIRGKDMFKRNDQDDVEKGLKIVFEKIYNKLETQEKNYYNNTGNNVNYAKLREDWWTINRDQVWRAITCYIPYYVNYFKNISEKSRNFTDDGKCGHYEGAPPTNLDYVPQFLRWFDEWADDFCRIRNHKLRKIKDACRNDKERLYCSQNGYDCTKGIEKGDSCSRESKCTGCSNKCVDYDFWLEKQQNEFNMQKDKYDNEIKTYVNNNGIPNSNINTEYYKTFYEEFKKKQYGSVKNFLQLLNNGRYCQEKIEKEEIDFIKGVEKTFYRSEYCQPC,6,normalised.fulldataset.all_DC8_sequences_domains_subclasses.fasta,PV0112-C.g6_1-473_DBLa1.2_,PV0112-C.g6,PV0112-C,1008-PF-SEA-RINGWALD,Vietnam,Binh Phuoc,2010.0,ERR126553,varDB,Asia,DBLa1.2-CIDRa1.1-DBLb12-DBLg6-DBLg11-DBLd1-CIDRb1,DBLa1.2-CIDRa1.1 head structure with DBLg6
17,GSQPSKPSKPSVDTNESEKSARNVLEKIGKHIKDEINKKKNNTNKLKGTLSSARFLDGLHKAADGGIKHGPGDSCKLSHKFHTNINNGTNHGRNPCDLRNQNRFSENAEAYCNSDKIRDYRIKSAGGACVPFRRQNLCDKNLEYLINKNTENTHDLLGNVLVTAKYEGESIVRNHPNRGSSEVCIALARSFADIGDIIRGKDMFKRNDQDDVEKGLKIVFEKIYNKLETQEKNYYNNTGNNVNYAKLREDWWTINRDQVWRAITCYIPYYVNYFKNISEKSRNFTDDGKCGHYEGAPPTNLDYVPQFLRWFDEWADDFCRIRNHKLRKIKDACRNDKERLYCSQNGYDCTKGIEKGDSCSRESKCTGCSNKCVDYDFWLEKQQNEFNMQKDKYDNEIKTYVNNNGIPNSNINTEYYKTFYEEFKKKQYGSVKNFLQLLNNGRYCQEKIEKEEIDFIKGVEKTFYRSEYCQPC,6,normalised.fulldataset.all_DC8_sequences_domains_subclasses.fasta,PV0148-C.g3_1-473_DBLa1.2_,PV0148-C.g3,PV0148-C,1008-PF-SEA-RINGWALD,Vietnam,Binh Phuoc,2010.0,ERR126435,varDB,Asia,DBLa1.2-CIDRa1.1-DBLb12-DBLg6-DBLg11-DBLd1-CIDRb1,DBLa1.2-CIDRa1.1 head structure with DBLg6
18,GSQPSKPSKPSVDTNESEKSARNVLEKIGKHIKDEINKKKNNTNKLKGTLSSARFLDGLHKAADGGIKHGPGDSCKLSHKFHTNINNGTNHGRNPCDLRNQNRFSENAEAYCNSDKIRDYRIKSAGGACVPFRRQNLCDKNLEYLINKNTENTHDLLGNVLVTAKYEGESIVRNHPNRGSSEVCIALARSFADIGDIIRGKDMFKRNDQDDVEKGLKIVFEKIYNKLETQEKNYYNNTGNNVNYAKLREDWWTINRDQVWRAITCYIPYYVNYFKNISEKSRNFTDDGKCGHYEGAPPTNLDYVPQFLRWFDEWADDFCRIRNHKLRKIKDACRNDKERLYCSQNGYDCTKGIEKGDSCSRESKCTGCSNKCVDYDFWLEKQQNEFNMQKDKYDNEIKTYVNNNGIPNSNINTEYYKTFYEEFKKKQYGSVKNFLQLLNNGRYCQEKIEKEEIDFIKGVEKTFYRSEYCQPC,6,normalised.fulldataset.all_DC8_sequences_domains_subclasses.fasta,PV0257-C.g90_1-473_DBLa1.2_,PV0257-C.g90,PV0257-C,1052-PF-TRAC-WHITE,Vietnam,Binh Phuoc,2011.0,ERR180083,megaDB,Asia,DBLa1.2-CIDRa1.1-DBLb12-DBLg6-DBLg11-DBLd1-CIDRb1,DBLa1.2-CIDRa1.1 head structure with DBLg6
19,GSQPSKPSKPSVDTNESEKSARNVLEKIGKHIKDEINKKKNNTNKLKGTLSSARFLDGLHKAADGGIKHGPGDSCKLSHKFHTNINNGTNHGRNPCDLRNQNRFSENAEAYCNSDKIRDYRIKSAGGACVPFRRQNLCDKNLEYLINKNTENTHDLLGNVLVTAKYEGESIVRNHPNRGSSEVCIALARSFADIGDIIRGKDMFKRNDQDDVEKGLKIVFEKIYNKLETQEKNYYNNTGNNVNYAKLREDWWTINRDQVWRAITCYIPYYVNYFKNISEKSRNFTDDGKCGHYEGAPPTNLDYVPQFLRWFDEWADDFCRIRNHKLRKIKDACRNDKERLYCSQNGYDCTKGIEKGDSCSRESKCTGCSNKCVDYDFWLEKQQNEFNMQKDKYDNEIKTYVNNNGIPNSNINTEYYKTFYEEFKKKQYGSVKNFLQLLNNGRYCQEKIEKEEIDFIKGVEKTFYRSEYCQPC,6,normalised.fulldataset.all_DC8_sequences_domains_subclasses.fasta,QC0167-C.g207_1-473_DBLa1.2_,QC0167-C.g207,QC0167-C,1052-PF-TRAC-WHITE,Myanmar,Bago,2011.0,ERR171563,varDB,Asia,DBLa1.2-CIDRa1.1-DBLb12-DBLg6-DBLg11-DBLd1-CIDRb1,DBLa1.2-CIDRa1.1 head structure with DBLg6
20,GSSHSTNDTKSPTLSESHKSARNVLENIAQDIRKQVQKDAQKHSSSLKGYLSQAKFHQPLLKAAKYVWIPPSNPCYLDYIFHTNVWNERAHDRDPCLFSRAKRFSNEGEAECNGGIITGNKGGLGACAPYRRRHMCDYNLEFINEQNVLTTHDLLGNVLVMAKSEGASIVNSHKHSGMLNVCTSLARSFADIGDIVRGKDMFKPNNVDAVQEGLKVVFRKINDGLKKSRINYYNDENGNYYKLREAWWTANRDQVWKAITCKAPQDANYFRKGLDGSDVFTSQGQCGHSETNVPTNLDYVPQYLRWFEEWSEEFCRLKKIKLKSAKEACHNHPAELYCSHNGYDCTKPIEKGSSCSRENKCTACLNKCIPYEYWLEKQQNEFKIQKDKYENEIKTYVNKTPISNSNSNTKKEYYKEFYKKLKNEYKDVDDFLRLLNEGKYCKKKNDEEEDIDFTKTGDKDAFDRSEYCQPC,4,normalised.fulldataset.all_DC8_sequences_domains_subclasses.fasta,PA0027-C.g262_1-472_DBLa1.2_,PA0027-C.g262,PA0027-C,1006-PF-GM-CONWAY,Gambia,Western,2008.0,ERR015403,varDB,Africa,DBLa1.2-CIDRa1.1-DBLb12-DBLg6-DBLg11,DBLa1.2-CIDRa1.1 head structure with DBLg6
21,GSSHSTNDTKSPTLSESHKSARNVLENIAQDIRKQVQKDAQKHSSSLKGYLSQAKFHQPLLKAAKYVWIPPSNPCYLDYIFHTNVWNERAHDRDPCLFSRAKRFSNEGEAECNGGIITGNKGGLGACAPYRRRHMCDYNLEFINEQNVLTTHDLLGNVLVMAKSEGASIVNSHKHSGMLNVCTSLARSFADIGDIVRGKDMFKPNNVDAVQEGLKVVFRKINDGLKKSRINYYNDENGNYYKLREAWWTANRDQVWKAITCKAPQDANYFRKGLDGSDVFTSQGQCGHSETNVPTNLDYVPQYLRWFEEWSEEFCRLKKIKLKSAKEACHNHPAELYCSHNGYDCTKPIEKGSSCSRENKCTACLNKCIPYEYWLEKQQNEFKIQKDKYENEIKTYVNKTPISNSNSNTKKEYYKEFYKKLKNEYKDVDDFLRLLNEGKYCKKKNDEEEDIDFTKTGDKDAFDRSEYCQPC,4,normalised.fulldataset.all_DC8_sequences_domains_subclasses.fasta,PF0305-C.g750_1-472_DBLa1.2_,PF0305-C.g750,PF0305-C,1017-PF-GH-AMENGA-ETEGO,Ghana,Upper East,2010.0,ERR045596,varDB,Africa,DBLa1.2-CIDRa1.1-DBLb12-DBLg6-DBLg11,DBLa1.2-CIDRa1.1 head structure with DBLg6
22,GSSHSTNDTKSPTLSESHKSARNVLENIAQDIRKQVQKDAQKHSSSLKGYLSQAKFHQPLLKAAKYVWIPPSNPCYLDYIFHTNVWNERAHDRDPCLFSRAKRFSNEGEAECNGGIITGNKGGLGACAPYRRRHMCDYNLEFINEQNVLTTHDLLGNVLVMAKSEGASIVNSHKHSGMLNVCTSLARSFADIGDIVRGKDMFKPNNVDAVQEGLKVVFRKINDGLKKSRINYYNDENGNYYKLREAWWTANRDQVWKAITCKAPQDANYFRKGLDGSDVFTSQGQCGHSETNVPTNLDYVPQYLRWFEEWSEEFCRLKKIKLKSAKEACHNHPAELYCSHNGYDCTKPIEKGSSCSRENKCTACLNKCIPYEYWLEKQQNEFKIQKDKYENEIKTYVNKTPISNSNSNTKKEYYKEFYKKLKNEYKDVDDFLRLLNEGKYCKKKNDEEEDIDFTKTGDKDAFDRSEYCQPC,4,normalised.fulldataset.all_DC8_sequences_domains_subclasses.fasta,PT0200-Cx.g325_1-472_DBLa1.2_,PT0200-Cx.g325,PT0200-Cx,1022-PF-MW-OCHOLLA,Malawi,Chikwawa,2011.0,ERR484687,varDB,Africa,DBLa1.2-CIDRa1.1-DBLb12-DBLg6-DBLg13,DBLa1.2-CIDRa1.1 head structure with DBLg6
23,GSSHSTNDTKSPTLSESHKSARNVLENIAQDIRKQVQKDAQKHSSSLKGYLSQAKFHQPLLKAAKYVWIPPSNPCYLDYIFHTNVWNERAHDRDPCLFSRAKRFSNEGEAECNGGIITGNKGGLGACAPYRRRHMCDYNLEFINEQNVLTTHDLLGNVLVMAKSEGASIVNSHKHSGMLNVCTSLARSFADIGDIVRGKDMFKPNNVDAVQEGLKVVFRKINDGLKKSRINYYNDENGNYYKLREAWWTANRDQVWKAITCKAPQDANYFRKGLDGSDVFTSQGQCGHSETNVPTNLDYVPQYLRWFEEWSEEFCRLKKIKLKSAKEACHNHPAELYCSHNGYDCTKPIEKGSSCSRENKCTACLNKCIPYEYWLEKQQNEFKIQKDKYENEIKTYVNKTPISNSNSNTKKEYYKEFYKKLKNEYKDVDDFLRLLNEGKYCKKKNDEEEDIDFTKTGDKDAFDRSEYCQPC,4,normalised.fulldataset.all_DC8_sequences_domains_subclasses.fasta,QP0235-C.g670_1-472_DBLa1.2_,QP0235-C.g670,QP0235-C,1093-PF-CM-APINJOH,Cameroon,Sud-Ouest,2013.0,ERR562829,megaDB,Africa,DBLa1.2-CIDRa1.1-DBLb12-DBLg6,DBLa1.2-CIDRa1.1 head structure with DBLg6
24,GGGHTKHVQVVDIKESPNSARNVLENIGKWIKDEINKNSNHTNKLKGTLSNAQFLDGLRKEAGLGVTDGPGYSCKLSHKFHTNITYEYERDPCFGRYKDRFSENAEAYCNSDKIRVTGKKSAGTACAPFRRQNLCDKNLEYLDNTNTDDTDDLLGNVLVTAKYEGESIVRNHPNRGSSEVCIALARSFADIGDIIRGKDMFKRNDQDDVEKGLKIVFKKIYEGLNGNEKPHYTNDRGLADYVKLREDWWTANRDQVWRAITCYIPYYVNYFKNISEKSRNFTDDGKCGHYEGAPPTNLDYVPQFLRWFDEWADDFCRIRNHKLRKIKDACRNDKERLYCSQNGYDCTKRIEKGDSCSRESKCTGCSNKCVDYDFWLEKQQNEFNMQKDKYDNEIKTYVNNKSITNSNINTEYYKTFYEEFKKKKYESVDTFLHLLNNGRYCQEKIEKEDAIDFTKTGNKHAFYRSDYCQPC,3,normalised.fulldataset.all_DC8_sequences_domains_subclasses.fasta,PF0768-C.g68_1-472_DBLa1.2_,PF0768-C.g68,PF0768-C,1094-PF-GH-AMENGA-ETEGO,Ghana,Upper East,2013.0,ERR450067,varDB,Africa,DBLa1.2-CIDRa1.1-DBLb12-DBLg6-DBLg12-DBLd1-CIDRg1,DBLa1.2-CIDRa1.1 head structure with DBLg6
25,GGGHTKHVQVVDIKESPNSARNVLENIGKWIKDEINKNSNHTNKLKGTLSNAQFLDGLRKEAGLGVTDGPGYSCKLSHKFHTNITYEYERDPCFGRYKDRFSENAEAYCNSDKIRVTGKKSAGTACAPFRRQNLCDKNLEYLDNTNTDDTDDLLGNVLVTAKYEGESIVRNHPNRGSSEVCIALARSFADIGDIIRGKDMFKRNDQDDVEKGLKIVFKKIYEGLNGNEKPHYTNDRGLADYVKLREDWWTANRDQVWRAITCYIPYYVNYFKNISEKSRNFTDDGKCGHYEGAPPTNLDYVPQFLRWFDEWADDFCRIRNHKLRKIKDACRNDKERLYCSQNGYDCTKRIEKGDSCSRESKCTGCSNKCVDYDFWLEKQQNEFNMQKDKYDNEIKTYVNNKSITNSNINTEYYKTFYEEFKKKKYESVDTFLHLLNNGRYCQEKIEKEDAIDFTKTGNKHAFYRSDYCQPC,3,normalised.fulldataset.all_DC8_sequences_domains_subclasses.fasta,PF0818-C.g564_1-472_DBLa1.2_,PF0818-C.g564,PF0818-C,1094-PF-GH-AMENGA-ETEGO,Ghana,Upper East,2013.0,ERR450068,varDB,Africa,DBLa1.2-CIDRa1.1-DBLb12-DBLg6,DBLa1.2-CIDRa1.1 head structure with DBLg6
26,GGGHTKHVQVVDIKESPNSARNVLENIGKWIKDEINKNSNHTNKLKGTLSNAQFLDGLRKEAGLGVTDGPGYSCKLSHKFHTNITYEYERDPCFGRYKDRFSENAEAYCNSDKIRVTGKKSAGTACAPFRRQNLCDKNLEYLDNTNTDDTDDLLGNVLVTAKYEGESIVRNHPNRGSSEVCIALARSFADIGDIIRGKDMFKRNDQDDVEKGLKIVFKKIYEGLNGNEKPHYTNDRGLADYVKLREDWWTANRDQVWRAITCYIPYYVNYFKNISEKSRNFTDDGKCGHYEGAPPTNLDYVPQFLRWFDEWADDFCRIRNHKLRKIKDACRNDKERLYCSQNGYDCTKRIEKGDSCSRESKCTGCSNKCVDYDFWLEKQQNEFNMQKDKYDNEIKTYVNNKSITNSNINTEYYKTFYEEFKKKKYESVDTFLHLLNNGRYCQEKIEKEDAIDFTKTGNKHAFYRSDYCQPC,3,normalised.fulldataset.all_DC8_sequences_domains_subclasses.fasta,PM0136-C.g594_1-472_DBLa1.2_,PM0136-C.g594,PM0136-C,1001-PF-ML-DJIMDE,Mali,Koulikoro,2007.0,ERR015435,varDB,Africa,DBLa1.2-CIDRa1.1-DBLb12-DBLg6-DBLg9-DBLd1-CIDRg7,DBLa1.2-CIDRa1.1 head structure with DBLg6
27,GASQSKPSKPSVVTNESEKSARNVLEKIGKHIKDEIHKKSNHTYKLEGTLSKAQFLDGLRKEAGLGVTDGPGYSCKLSHKFHTNITYEYERDPCFGRYKDRFDENAEAYCNNDKIRDNGERSAGGACAPFRRQNMCDKNLEYLINENTKTTHDLLGNVLVTAKYEGESIVAKHPHKENSEVCTALARSFADIGDIVRGKDMFKRNEEDAVQKGLRAVFKKIHEGLGTPEKDYYKDDGSGNYYKLREDWWTINRDQVWRAITCYIPYYVNYFKNISEKSRNFTDDGKCGHYEGAPPTNLDYVPQFLRWFDEWAEEFCRKKKIKLENVKKACRDDSQKLYCSQNGYDCTKRIEKGDSCSRESKCTGCSNKCVDYDFWLEKQQNEFNMQKDKYENEIKTYVNKNGISNSNINTEYYKTFYQNFGKNTHKTANYFLQLLNNGRYCKTENTEDAIDFTKTGNKHAFYRSKYCQPC,2,normalised.fulldataset.all_DC8_sequences_domains_subclasses.fasta,PT0283-C.g345_1-471_DBLa1.2_,PT0283-C.g345,PT0283-C,1022-PF-MW-OCHOLLA,Malawi,Zomba,2011.0,ERR263673,varDB,Africa,DBLa1.2-CIDRa1.1-DBLb12-DBLg6-DBLg11-DBLd1-CIDRb6,DBLa1.2-CIDRa1.1 head structure with DBLg6
28,GASQSKPSKPSVVTNESEKSARNVLEKIGKHIKDEIHKKSNHTYKLEGTLSKAQFLDGLRKEAGLGVTDGPGYSCKLSHKFHTNITYEYERDPCFGRYKDRFDENAEAYCNNDKIRDNGERSAGGACAPFRRQNMCDKNLEYLINENTKTTHDLLGNVLVTAKYEGESIVAKHPHKENSEVCTALARSFADIGDIVRGKDMFKRNEEDAVQKGLRAVFKKIHEGLGTPEKDYYKDDGSGNYYKLREDWWTINRDQVWRAITCYIPYYVNYFKNISEKSRNFTDDGKCGHYEGAPPTNLDYVPQFLRWFDEWAEEFCRKKKIKLENVKKACRDDSQKLYCSQNGYDCTKRIEKGDSCSRESKCTGCSNKCVDYDFWLEKQQNEFNMQKDKYENEIKTYVNKNGISNSNINTEYYKTFYQNFGKNTHKTANYFLQLLNNGRYCKTENTEDAIDFTKTGNKHAFYRSKYCQPC,2,normalised.fulldataset.all_DC8_sequences_domains_subclasses.fasta,PT0299-Cx.g204_1-471_DBLa1.2_,PT0299-Cx.g204,PT0299-Cx,1022-PF-MW-OCHOLLA,Malawi,Zomba,2011.0,ERR484562,varDB,Africa,DBLa1.2-CIDRa1.1-DBLb12-DBLg6-DBLg11-DBLd1-CIDRb6,DBLa1.2-CIDRa1.1 head structure with DBLg6
29,GSSHSTNDTKSPTLSESHKSARNVLENIAQDIRKQVQKDAQKHSSSLKGYLSQAKFHQPLLKAAKYVWIPPSNPCYLDYIFHTNVWNERAHDRDPCLFSRAKRFSNEGEAECNGGIITANKGGLGACAPYRRRHMCDYNLEFINEQNVLTTHDLLGNVLVMAKSEGASIVNSHKHSGMLNVCTSLARSFADIGDIVRGKDMFKPNDADKVQKGLQVVFKKIYKSLSPEAKNHYKDDDISGNYYKLREAWWTANRDQVWKAITCKAPQDANYFRKGLDGSDVFTSQGQCGHSETNVPTNLDYVPQFLRWFEEWAEEFCRKRNIKLKMAKKECRNDEQKLYCSHNGYDCTKRIEKGKSCSRESKCTACLNKCIPYEYWLEKQQNEFNMQKEKYENEIKTYVNNNGIPNSNTKIEYYKEFYEELKKSYKSVHVFLTLLNNGRYCKEGVEKEDFIDFTITGDKGAFDRSDYCQPC,2,normalised.fulldataset.all_DC8_sequences_domains_subclasses.fasta,PH1309-C.g488_1-472_DBLa1.2_,PH1309-C.g488,PH1309-C,1044-PF-KH-FAIRHURST,Cambodia,Ratanakiri,2013.0,ERR539621,megaDB,Asia,DBLa1.2-CIDRa1.1-DBLb12-DBLg4-DBLd1-CIDRb1,DBLa1.2-CIDRa1.1 head structure with DBLg4
30,GSSHSTNDTKSPTLSESHKSARNVLENIAQDIRKQVQKDAQKHSSSLKGYLSQAKFHQPLLKAAKYVWIPPSNPCYLDYIFHTNVWNERAHDRDPCLFSRAKRFSNEGEAECNGGIITANKGGLGACAPYRRRHMCDYNLEFINEQNVLTTHDLLGNVLVMAKSEGASIVNSHKHSGMLNVCTSLARSFADIGDIVRGKDMFKPNDADKVQKGLQVVFKKIYKSLSPEAKNHYKDDDISGNYYKLREAWWTANRDQVWKAITCKAPQDANYFRKGLDGSDVFTSQGQCGHSETNVPTNLDYVPQFLRWFEEWAEEFCRKRNIKLKMAKKECRNDEQKLYCSHNGYDCTKRIEKGKSCSRESKCTACLNKCIPYEYWLEKQQNEFNMQKEKYENEIKTYVNNNGIPNSNTKIEYYKEFYEELKKSYKSVHVFLTLLNNGRYCKEGVEKEDFIDFTITGDKGAFDRSDYCQPC,2,normalised.fulldataset.all_DC8_sequences_domains_subclasses.fasta,PV0046-C.g50_1-472_DBLa1.2_,PV0046-C.g50,PV0046-C,1020-PF-VN-BONI,Vietnam,Binh Phuoc,2009.0,ERR022918,varDB,Asia,DBLa1.2-CIDRa1.1-DBLb12-DBLg4-DBLd1-CIDRb1,DBLa1.2-CIDRa1.1 head structure with DBLg4
31,GTGSSTPSVPKDVKNESHNSARNVLENIGKWIKDERVKSSKYINRLKGNLSNAIFIDGLSRAHNLTRRGPGDSCSLDHKFHTNINNGYPPARNPCHLRNQNRFGENAEAYCNNDKIRDNGERSAGGACAPFRRQNMCDKNLEYLNNNNTDDTDDLLGNVLVTAKYEGQSIVEKHPNKETSDVCTALARSFADIGDIVRGKDMFKRNEEDAVQKGLKIVFEKIYNKLETQEKNYYNNTGNNVNYAKLREDWWTANRDQVWRAITCYIPYYVNYFKKTSEDIIVFTNDGKCGHYEGAPPTNLDYVPQFLRWFEEWAEEFCRIRNHKLRKIKDACRNDKERLYCSLNGYDCTKGIEKGSSCSRENKCTGCSNKCVDYDFWLEKQQNEFKIQKDKYDKEIETYVNKNGISNSNINTEYYKTFYEEFKKKKYESVDTFLHLLNNGRYCQEKIEKEEIDFIKGVEKTFYRSDYCQPC,2,normalised.fulldataset.all_DC8_sequences_domains_subclasses.fasta,PF0676-C.g119_1-472_DBLa1.2_,PF0676-C.g119,PF0676-C,1083-PF-GH-CONWAY,Ghana,Upper East,2012.0,ERR376212,varDB,Africa,DBLa1.2-CIDRa1.1-DBLb12-DBLg6-DBLg12-DBLd1-CIDRb1,DBLa1.2-CIDRa1.1 head structure with DBLg6
32,GTGSSTPSVPKDVKNESHNSARNVLENIGKWIKDERVKSSKYINRLKGNLSNAIFIDGLSRAHNLTRRGPGDSCSLDHKFHTNINNGYPPARNPCHLRNQNRFGENAEAYCNNDKIRDNGERSAGGACAPFRRQNMCDKNLEYLNNNNTDDTDDLLGNVLVTAKYEGQSIVEKHPNKETSDVCTALARSFADIGDIVRGKDMFKRNEEDAVQKGLKIVFEKIYNKLETQEKNYYNNTGNNVNYAKLREDWWTANRDQVWRAITCYIPYYVNYFKKTSEDIIVFTNDGKCGHYEGAPPTNLDYVPQFLRWFEEWAEEFCRIRNHKLRKIKDACRNDKERLYCSLNGYDCTKGIEKGSSCSRENKCTGCSNKCVDYDFWLEKQQNEFKIQKDKYDKEIETYVNKNGISNSNINTEYYKTFYEEFKKKKYESVDTFLHLLNNGRYCQEKIEKEEIDFIKGVEKTFYRSDYCQPC,2,normalised.fulldataset.all_DC8_sequences_domains_subclasses.fasta,PT0234-Cx.g91_1-472_DBLa1.2_,PT0234-Cx.g91,PT0234-Cx,1022-PF-MW-OCHOLLA,Malawi,Chikwawa,2011.0,ERR484540,varDB,Africa,DBLa1.2-CIDRa1.1-DBLb12-DBLg6-DBLg12-DBLd1-CIDRb1,DBLa1.2-CIDRa1.1 head structure with DBLg6
33,GASQSKPSKPSVVTNESEKSARNVLEKIGKHIKDEIHKKSNHTYKLEGTLSKAQFLDGLRKEAGLGVTDGPGYSCKLSHKFHTNITYEYERDPCFGRYKDRFDENAEAYCNNDKIRDNGERSAGGACAPFRRQNMCDKNLEYLINENTKTTHDLLGNVLVTAKYEGESIVAKHPHKENSEVCTALARSFADIGDIVRGKDMFKRNEEDAVQKGLRAVFKKIHEGLGTPEKDYYKDDGSGNYYKLREDWWTINRDQVWRAITCYIPYYVNYFKNISEKSRNFTDDGKCGHYEGAPPTNLDYVPQFLRWFDEWAEEFCRKKKIKLENVKKACRDDSQKLYCSQNGYDCTKRIEKGDSCSRESKCTGCSNKCVDYDFWLEKQQNEFNMQKDKYENEIKTYVNKNGISNSNINTEYYKTFYQNFGKNNHKTANYFLQLLNNGRYCKTENTEDAIDFTKTGNKHAFYRSKYCQPC,2,normalised.fulldataset.all_DC8_sequences_domains_subclasses.fasta,PT0228-Cx.g537_1-471_DBLa1.2_,PT0228-Cx.g537,PT0228-Cx,1022-PF-MW-OCHOLLA,Malawi,Chikwawa,2011.0,ERR484714,varDB,Africa,DBLa1.2-CIDRa1.1-DBLb12-DBLg6-DBLg11,DBLa1.2-CIDRa1.1 head structure with DBLg6
34,GASQSKPSKPSVVTNESEKSARNVLEKIGKHIKDEIHKKSNHTYKLEGTLSKAQFLDGLRKEAGLGVTDGPGYSCKLSHKFHTNITYEYERDPCFGRYKDRFDENAEAYCNNDKIRDNGERSAGGACAPFRRQNMCDKNLEYLINENTKTTHDLLGNVLVTAKYEGESIVAKHPHKENSEVCTALARSFADIGDIVRGKDMFKRNEEDAVQKGLRAVFKKIHEGLGTPEKDYYKDDGSGNYYKLREDWWTINRDQVWRAITCYIPYYVNYFKNISEKSRNFTDDGKCGHYEGAPPTNLDYVPQFLRWFDEWAEEFCRKKKIKLENVKKACRDDSQKLYCSQNGYDCTKRIEKGDSCSRESKCTGCSNKCVDYDFWLEKQQNEFNMQKDKYENEIKTYVNKNGISNSNINTEYYKTFYQNFGKNNHKTANYFLQLLNNGRYCKTENTEDAIDFTKTGNKHAFYRSKYCQPC,2,normalised.fulldataset.all_DC8_sequences_domains_subclasses.fasta,QG0205-C.g118_1-471_DBLa1.2_,QG0205-C.g118,QG0205-C,1052-PF-TRAC-WHITE,DRC,Kinshasa,2013.0,ERR404240,varDB,Africa,DBLa1.2-CIDRa1.1-DBLb12-DBLg6-DBLg11-DBLd1-CIDRb5,DBLa1.2-CIDRa1.1 head structure with DBLg6
35,GSQSSKSSQPSVVTYESEKSARNVLEKIGKHIKDEINKKKNNTNKLKGTLSSARFLDGLHKAARGDIKYGPQDSCSLDHKFHTNINNGTNHGRNPCDLRNQNRFGENAEAYCNSDKIRVTGKKSAGTACAPFRRQNLCDKNLEYLDNTNTDDTDDLLGNVLVTAKYEGESIVRNHPNRGSSEVCIALARSFADIGDIIRGKDMFKRNDQDDVEKGLKIVFEKIYNKLETQEKNYYNNTGNNVNYAKLREDWWTINRDQVWRAITCYIPYYVNYFKNISEKSRNFTDDGKCGHYEGAPPTNLDYVPQFLRWFDEWADDFCRIRNHKLRKIKDACRNDKERLYCSQNGYDCTKRIEKGDSCSRESKCTGCSNKCVDYDFWLEKQQNEFKIQKDKYDKEIETYVNKTPISNSNSNTKKEYYKEFYEELKKQYGSVNNFLQLLNNGRYCQEKIEKEDAIDFTKTGNKHAFYRSDYCQPC,2,normalised.fulldataset.all_DC8_sequences_domains_subclasses.fasta,PM0115-C.g30_1-476_DBLa1.2_,PM0115-C.g30,PM0115-C,1001-PF-ML-DJIMDE,Mali,Koulikoro,2007.0,ERR015420,varDB,Africa,DBLa1.2-CIDRa1.1-DBLb12-DBLg6-DBLg11-DBLd1-CIDRb5,DBLa1.2-CIDRa1.1 head structure with DBLg6
36,GSQSSKSSQPSVVTYESEKSARNVLEKIGKHIKDEINKKKNNTNKLKGTLSSARFLDGLHKAARGDIKYGPQDSCSLDHKFHTNINNGTNHGRNPCDLRNQNRFGENAEAYCNSDKIRVTGKKSAGTACAPFRRQNLCDKNLEYLDNTNTDDTDDLLGNVLVTAKYEGESIVRNHPNRGSSEVCIALARSFADIGDIIRGKDMFKRNDQDDVEKGLKIVFEKIYNKLETQEKNYYNNTGNNVNYAKLREDWWTINRDQVWRAITCYIPYYVNYFKNISEKSRNFTDDGKCGHYEGAPPTNLDYVPQFLRWFDEWADDFCRIRNHKLRKIKDACRNDKERLYCSQNGYDCTKRIEKGDSCSRESKCTGCSNKCVDYDFWLEKQQNEFKIQKDKYDKEIETYVNKTPISNSNSNTKKEYYKEFYEELKKQYGSVNNFLQLLNNGRYCQEKIEKEDAIDFTKTGNKHAFYRSDYCQPC,2,normalised.fulldataset.all_DC8_sequences_domains_subclasses.fasta,QP0235-C.g452_1-476_DBLa1.2_,QP0235-C.g452,QP0235-C,1093-PF-CM-APINJOH,Cameroon,Sud-Ouest,2013.0,ERR562829,megaDB,Africa,DBLa1.2-CIDRa1.1-DBLb12-DBLg6,DBLa1.2-CIDRa1.1 head structure with DBLg6
37,GTGSSTPSVPKDVKNESHNSARNVLENIGIEIYNEEKKKVNGYTSQLRGDLSRARFHDGLRKAARLGVIPGPANSCDLDHKFYTNINNGYPPARNPCDLRNQNRFGENAEAYCNSDKIRVTGKKSAGGACAPFRRQNMCDKNLEYLDNTNTDDTDDLLGNVLVTAKYEGESIVAKHPHKENSEVCTALARSFADIGDIVRGKDMFKRNEEDAVQKGLRAVFKKINDNLKEKEISDYDNDPNYYKLREDWWTANRDQVWRAITCYIPYYVNYFKKTSDDTIVFTNDGKCGHYEGAPPTNLDYVPQFLRWFDEWAEEFCRIRNHKLRKIKDACRNDKERLYCSQNGYDCTKRIEKGSSCSRENKCTGCSNKCVDYDFWLEKQQNEFKIQKDKYDKEIETYVNKTPISNSNSNTKKEYYKEFYEELKKQYGSVKNFLQLLNNGRYCQEKIEEEDAIDFTKTGNKHAFYRSDYCQPC,2,normalised.fulldataset.all_DC8_sequences_domains_subclasses.fasta,3D7-0400400_1-474_DBLa1.2_,3D7-0400400,3D7,,,,1987.0,GCA_000002765,PlasmoDB,Africa,DBLa1.2-CIDRa1.1-DBLb12-DBLg6-DBLg11-DBLd1-CIDRg8,DBLa1.2-CIDRa1.1 head structure with DBLg6
38,GTGSSTPSVPKDVKNESHNSARNVLENIGIEIYNEEKKKVNGYTSQLRGDLSRARFHDGLRKAARLGVIPGPANSCDLDHKFYTNINNGYPPARNPCDLRNQNRFGENAEAYCNSDKIRVTGKKSAGGACAPFRRQNMCDKNLEYLDNTNTDDTDDLLGNVLVTAKYEGESIVAKHPHKENSEVCTALARSFADIGDIVRGKDMFKRNEEDAVQKGLRAVFKKINDNLKEKEISDYDNDPNYYKLREDWWTANRDQVWRAITCYIPYYVNYFKKTSDDTIVFTNDGKCGHYEGAPPTNLDYVPQFLRWFDEWAEEFCRIRNHKLRKIKDACRNDKERLYCSQNGYDCTKRIEKGSSCSRENKCTGCSNKCVDYDFWLEKQQNEFKIQKDKYDKEIETYVNKTPISNSNSNTKKEYYKEFYEELKKQYGSVKNFLQLLNNGRYCQEKIEEEDAIDFTKTGNKHAFYRSDYCQPC,2,normalised.fulldataset.all_DC8_sequences_domains_subclasses.fasta,PF0723-C.g202_1-474_DBLa1.2_,PF0723-C.g202,PF0723-C,1083-PF-GH-CONWAY,Ghana,Upper East,2012.0,ERR376198,varDB,Africa,DBLa1.2-CIDRa1.1-DBLb12-DBLg6-DBLg11-DBLd1-CIDRb1,DBLa1.2-CIDRa1.1 head structure with DBLg6
